year,make,model,body_styles
2022,Acura,ILX,"[""Sedan""]"
2022,Acura,MDX,"[""SUV""]"
2022,Acura,NSX,"[""Coupe""]"
2022,Acura,RDX,"[""SUV""]"
2022,Acura,TLX,"[""Sedan""]"
2022,Alfa Romeo,Giulia,"[""Sedan""]"
2022,Alfa Romeo,Stelvio,"[""SUV""]"
2022,Audi,A3,"[""Sedan""]"
2022,Audi,A4,"[""Sedan""]"
2022,Audi,A4 allroad,"[""Wagon""]"
2022,Audi,A5,"[""Coupe"", ""Convertible"", ""Sedan""]"
2022,Audi,A6,"[""Sedan""]"
2022,Audi,A6 allroad,"[""Wagon""]"
2022,Audi,A7,"[""Sedan""]"
2022,Audi,e-tron,"[""SUV""]"
2022,Audi,e-tron GT,"[""Sedan""]"
2022,Audi,e-tron S,"[""SUV""]"
2022,Audi,e-tron S Sportback,"[""SUV""]"
2022,Audi,e-tron Sportback,"[""SUV""]"
2022,Audi,Q3,"[""SUV""]"
2022,Audi,Q4 e-tron,"[""SUV""]"
2022,Audi,Q5,"[""SUV""]"
2022,Audi,Q5 Sportback,"[""SUV""]"
2022,Audi,Q7,"[""SUV""]"
2022,Audi,Q8,"[""SUV""]"
2022,Audi,R8,"[""Coupe"", ""Convertible""]"
2022,Audi,RS 5,"[""Sedan"", ""Coupe""]"
2022,Audi,RS 6,"[""Wagon""]"
2022,Audi,RS 7,"[""Sedan""]"
2022,Audi,RS e-tron GT,"[""Sedan""]"
2022,Audi,RS Q8,"[""SUV""]"
2022,Audi,S3,"[""Sedan""]"
2022,Audi,S4,"[""Sedan""]"
2022,Audi,S5,"[""Convertible"", ""Sedan"", ""Coupe""]"
2022,Audi,S7,"[""Sedan""]"
2022,Audi,SQ5,"[""SUV""]"
2022,Audi,SQ5 Sportback,"[""SUV""]"
2022,Audi,SQ7,"[""SUV""]"
2022,Audi,SQ8,"[""SUV""]"
2022,Audi,TT,"[""Coupe""]"
2022,BMW,2 Series,"[""Sedan"", ""Coupe""]"
2022,BMW,3 Series,"[""Sedan""]"
2022,BMW,4 Series,"[""Coupe"", ""Convertible""]"
2022,BMW,5 Series,"[""Sedan""]"
2022,BMW,7 Series,"[""Sedan""]"
2022,BMW,8 Series,"[""Sedan"", ""Convertible"", ""Coupe""]"
2022,BMW,i4,"[""Coupe""]"
2022,BMW,iX,"[""SUV""]"
2022,BMW,M3,"[""Sedan""]"
2022,BMW,M4,"[""Coupe""]"
2022,BMW,M5,"[""Sedan""]"
2022,BMW,M8,"[""Convertible"", ""Hatchback"", ""Coupe""]"
2022,BMW,X1,"[""SUV""]"
2022,BMW,X2,"[""SUV""]"
2022,BMW,X3,"[""SUV""]"
2022,BMW,X3 M,"[""SUV""]"
2022,BMW,X4,"[""SUV""]"
2022,BMW,X4 M,"[""SUV""]"
2022,BMW,X5,"[""SUV""]"
2022,BMW,X5 M,"[""SUV""]"
2022,BMW,X6,"[""SUV""]"
2022,BMW,X6 M,"[""SUV""]"
2022,BMW,X7,"[""SUV""]"
2022,BMW,Z4,"[""Convertible""]"
2022,Buick,Enclave,"[""SUV""]"
2022,Buick,Encore,"[""SUV""]"
2022,Buick,Encore GX,"[""SUV""]"
2022,Buick,Envision,"[""SUV""]"
2022,Cadillac,CT4,"[""Sedan""]"
2022,Cadillac,CT5,"[""Sedan""]"
2022,Cadillac,Escalade,"[""SUV""]"
2022,Cadillac,Escalade ESV,"[""SUV""]"
2022,Cadillac,XT4,"[""SUV""]"
2022,Cadillac,XT5,"[""SUV""]"
2022,Cadillac,XT6,"[""SUV""]"
2022,Chevrolet,Blazer,"[""SUV""]"
2022,Chevrolet,Bolt EUV,"[""Hatchback""]"
2022,Chevrolet,Bolt EV,"[""Hatchback""]"
2022,Chevrolet,Camaro,"[""Coupe"", ""Convertible""]"
2022,Chevrolet,Colorado Crew Cab,"[""Pickup""]"
2022,Chevrolet,Colorado Extended Cab,"[""Pickup""]"
2022,Chevrolet,Corvette,"[""Coupe"", ""Convertible""]"
2022,Chevrolet,Equinox,"[""SUV""]"
2022,Chevrolet,Express 2500 Cargo,"[""Van/Minivan""]"
2022,Chevrolet,Malibu,"[""Sedan""]"
2022,Chevrolet,Silverado 1500 Double Cab,"[""Pickup""]"
2022,Chevrolet,Silverado 1500 Limited Crew Cab,"[""Pickup""]"
2022,Chevrolet,Silverado 1500 Limited Regular Cab,"[""Pickup""]"
2022,Chevrolet,Silverado 1500 Regular Cab,"[""Pickup""]"
2022,Chevrolet,Silverado 2500 HD Crew Cab,"[""Pickup""]"
2022,Chevrolet,Silverado 2500 HD Double Cab,"[""Pickup""]"
2022,Chevrolet,Silverado 3500 HD Crew Cab,"[""Pickup""]"
2022,Chevrolet,Spark,"[""Hatchback""]"
2022,Chevrolet,Suburban,"[""SUV""]"
2022,Chevrolet,Tahoe,"[""SUV""]"
2022,Chevrolet,Trailblazer,"[""SUV""]"
2022,Chevrolet,Traverse,"[""SUV""]"
2022,Chevrolet,Trax,"[""SUV""]"
2022,Chrysler,300,"[""Sedan""]"
2022,Chrysler,Pacifica,"[""Van/Minivan""]"
2022,Chrysler,Pacifica Hybrid,"[""Van/Minivan""]"
2022,Dodge,Challenger,"[""Coupe""]"
2022,Dodge,Charger,"[""Sedan""]"
2022,Dodge,Durango,"[""SUV""]"
2022,FIAT,500X,"[""SUV""]"
2022,Ford,Bronco,"[""SUV""]"
2022,Ford,Bronco Sport,"[""SUV""]"
2022,Ford,EcoSport,"[""SUV""]"
2022,Ford,Edge,"[""SUV""]"
2022,Ford,Escape,"[""SUV""]"
2022,Ford,Expedition,"[""SUV""]"
2022,Ford,Expedition MAX,"[""SUV""]"
2022,Ford,Explorer,"[""SUV""]"
2022,Ford,F150 Lightning,"[""Pickup""]"
2022,Ford,F150 SuperCrew Cab,"[""Pickup""]"
2022,Ford,F250 Super Duty Crew Cab,"[""Pickup""]"
2022,Ford,F250 Super Duty Regular Cab,"[""Pickup""]"
2022,Ford,F250 Super Duty Super Cab,"[""Pickup""]"
2022,Ford,F350 Super Duty Crew Cab,"[""Pickup""]"
2022,Ford,F450 Super Duty Crew Cab,"[""Pickup""]"
2022,Ford,Maverick,"[""Pickup""]"
2022,Ford,Mustang,"[""Coupe"", ""Convertible""]"
2022,Ford,Mustang MACH-E,"[""SUV""]"
2022,Ford,Ranger SuperCab,"[""Pickup""]"
2022,Ford,Ranger SuperCrew,"[""Pickup""]"
2022,Ford,Transit 250 Cargo Van,"[""Van/Minivan""]"
2022,Ford,Transit 350 HD Cargo Van,"[""Van/Minivan""]"
2022,Ford,Transit Connect Cargo Van,"[""Van/Minivan""]"
2022,Ford,Transit Connect Passenger Wagon,"[""Van/Minivan""]"
2022,Genesis,Electrified G80,"[""Sedan""]"
2022,Genesis,G70,"[""Sedan""]"
2022,Genesis,G80,"[""Sedan""]"
2022,Genesis,G90,"[""Sedan""]"
2022,Genesis,GV60,"[""SUV""]"
2022,Genesis,GV70,"[""SUV""]"
2022,Genesis,GV80,"[""SUV""]"
2022,GMC,Acadia,"[""SUV""]"
2022,GMC,Canyon Crew Cab,"[""Pickup""]"
2022,GMC,Canyon Extended Cab,"[""Pickup""]"
2022,GMC,Hummer EV,"[""Pickup""]"
2022,GMC,Savana 2500 Cargo,"[""Van/Minivan""]"
2022,GMC,Sierra 1500 Double Cab,"[""Pickup""]"
2022,GMC,Sierra 1500 Limited Crew Cab,"[""Pickup""]"
2022,GMC,Sierra 2500 HD Crew Cab,"[""Pickup""]"
2022,GMC,Sierra 2500 HD Double Cab,"[""Pickup""]"
2022,GMC,Sierra 2500 HD Regular Cab,"[""Pickup""]"
2022,GMC,Sierra 3500 HD Crew Cab,"[""Pickup""]"
2022,GMC,Terrain,"[""SUV""]"
2022,GMC,Yukon,"[""SUV""]"
2022,GMC,Yukon XL,"[""SUV""]"
2022,Honda,Accord,"[""Sedan""]"
2022,Honda,Accord Hybrid,"[""Sedan""]"
2022,Honda,Civic,"[""Sedan"", ""Hatchback""]"
2022,Honda,Civic Type R,"[""Hatchback""]"
2022,Honda,CR-V,"[""SUV""]"
2022,Honda,CR-V Hybrid,"[""SUV""]"
2022,Honda,HR-V,"[""SUV""]"
2022,Honda,Insight,"[""Sedan""]"
2022,Honda,Odyssey,"[""Van/Minivan""]"
2022,Honda,Passport,"[""SUV""]"
2022,Honda,Pilot,"[""SUV""]"
2022,Honda,Ridgeline,"[""Pickup""]"
2022,Hyundai,Accent,"[""Sedan""]"
2022,Hyundai,Elantra,"[""Sedan""]"
2022,Hyundai,IONIQ 5,"[""SUV""]"
2022,Hyundai,Ioniq Hybrid,"[""Hatchback""]"
2022,Hyundai,Ioniq Plug-in Hybrid,"[""Hatchback""]"
2022,Hyundai,Kona,"[""SUV""]"
2022,Hyundai,Kona Electric,"[""SUV""]"
2022,Hyundai,NEXO,"[""SUV""]"
2022,Hyundai,Palisade,"[""SUV""]"
2022,Hyundai,Santa Cruz,"[""Pickup""]"
2022,Hyundai,Santa Fe,"[""SUV""]"
2022,Hyundai,Santa Fe Hybrid,"[""SUV""]"
2022,Hyundai,Santa Fe Plug-in Hybrid,"[""SUV""]"
2022,Hyundai,Sonata,"[""Sedan""]"
2022,Hyundai,Sonata Hybrid,"[""Sedan""]"
2022,Hyundai,Tucson,"[""SUV""]"
2022,Hyundai,Tucson Hybrid,"[""SUV""]"
2022,Hyundai,Tucson Plug-in Hybrid,"[""SUV""]"
2022,Hyundai,Veloster,"[""Coupe""]"
2022,Hyundai,Venue,"[""SUV""]"
2022,INFINITI,Q50,"[""Sedan""]"
2022,INFINITI,Q60,"[""Coupe""]"
2022,INFINITI,QX50,"[""SUV""]"
2022,INFINITI,QX55,"[""SUV""]"
2022,INFINITI,QX60,"[""SUV""]"
2022,INFINITI,QX80,"[""SUV""]"
2022,Jaguar,E-PACE,"[""SUV""]"
2022,Jaguar,F-PACE,"[""SUV""]"
2022,Jaguar,F-TYPE,"[""Coupe"", ""Convertible""]"
2022,Jaguar,I-PACE,"[""SUV""]"
2022,Jaguar,XF,"[""Sedan""]"
2022,Jeep,Cherokee,"[""SUV""]"
2022,Jeep,Compass,"[""SUV""]"
2022,Jeep,Gladiator,"[""Pickup""]"
2022,Jeep,Grand Cherokee,"[""SUV""]"
2022,Jeep,Grand Cherokee 4xe,"[""SUV""]"
2022,Jeep,Grand Cherokee L,"[""SUV""]"
2022,Jeep,Grand Wagoneer,"[""SUV""]"
2022,Jeep,Renegade,"[""SUV""]"
2022,Jeep,Wagoneer,"[""SUV""]"
2022,Jeep,Wrangler,"[""SUV""]"
2022,Jeep,Wrangler Unlimited,"[""SUV""]"
2022,Jeep,Wrangler Unlimited 4xe,"[""SUV""]"
2022,Kia,Carnival,"[""Van/Minivan""]"
2022,Kia,EV6,"[""SUV""]"
2022,Kia,Forte,"[""Sedan""]"
2022,Kia,K5,"[""Sedan""]"
2022,Kia,Niro,"[""Wagon""]"
2022,Kia,Niro EV,"[""Wagon""]"
2022,Kia,Niro Plug-in Hybrid,"[""Wagon""]"
2022,Kia,Rio,"[""Sedan"", ""Hatchback""]"
2022,Kia,Seltos,"[""SUV""]"
2022,Kia,Sorento,"[""SUV""]"
2022,Kia,Sorento Hybrid,"[""SUV""]"
2022,Kia,Sorento Plug-in Hybrid,"[""SUV""]"
2022,Kia,Soul,"[""Wagon""]"
2022,Kia,Sportage,"[""SUV""]"
2022,Kia,Stinger,"[""Sedan""]"
2022,Kia,Telluride,"[""SUV""]"
2022,Land Rover,Defender 110,"[""SUV""]"
2022,Land Rover,Defender 90,"[""SUV""]"
2022,Land Rover,Discovery,"[""SUV""]"
2022,Land Rover,Discovery Sport,"[""SUV""]"
2022,Land Rover,Range Rover,"[""SUV""]"
2022,Land Rover,Range Rover Evoque,"[""SUV""]"
2022,Land Rover,Range Rover Sport,"[""SUV""]"
2022,Land Rover,Range Rover Velar,"[""SUV""]"
2022,Lexus,ES,"[""Sedan""]"
2022,Lexus,GX,"[""SUV""]"
2022,Lexus,IS,"[""Sedan""]"
2022,Lexus,LC,"[""Coupe"", ""Convertible""]"
2022,Lexus,LS,"[""Sedan""]"
2022,Lexus,LX,"[""SUV""]"
2022,Lexus,NX,"[""SUV""]"
2022,Lexus,RC,"[""Coupe""]"
2022,Lexus,RX,"[""SUV""]"
2022,Lexus,UX,"[""SUV""]"
2022,Lincoln,Aviator,"[""SUV""]"
2022,Lincoln,Corsair,"[""SUV""]"
2022,Lincoln,Nautilus,"[""SUV""]"
2022,Lincoln,Navigator,"[""SUV""]"
2022,Lincoln,Navigator L,"[""SUV""]"
2022,Lucid,Air,"[""Sedan""]"
2022,Maserati,Ghibli,"[""Sedan""]"
2022,Maserati,Levante,"[""SUV""]"
2022,Maserati,MC20,"[""Coupe""]"
2022,Maserati,Quattroporte,"[""Sedan""]"
2022,MAZDA,CX-30,"[""SUV""]"
2022,MAZDA,CX-5,"[""SUV""]"
2022,MAZDA,CX-9,"[""SUV""]"
2022,MAZDA,MAZDA3,"[""Sedan"", ""Hatchback""]"
2022,MAZDA,MX-30,"[""SUV""]"
2022,MAZDA,MX-5 Miata,"[""Convertible""]"
2022,MAZDA,MX-5 Miata RF,"[""Convertible""]"
2022,Mercedes-Benz,A-Class,"[""Sedan""]"
2022,Mercedes-Benz,C-Class,"[""Coupe""]"
2022,Mercedes-Benz,CLA,"[""Sedan""]"
2022,Mercedes-Benz,CLS,"[""Sedan""]"
2022,Mercedes-Benz,E-Class,"[""Sedan"", ""Coupe"", ""Convertible"", ""Wagon""]"
2022,Mercedes-Benz,G-Class,"[""SUV""]"
2022,Mercedes-Benz,GLA,"[""SUV""]"
2022,Mercedes-Benz,GLB,"[""SUV""]"
2022,Mercedes-Benz,GLC,"[""SUV""]"
2022,Mercedes-Benz,GLC Coupe,"[""SUV""]"
2022,Mercedes-Benz,GLE,"[""SUV""]"
2022,Mercedes-Benz,GLS,"[""SUV""]"
2022,Mercedes-Benz,Mercedes-AMG CLA,"[""Sedan""]"
2022,Mercedes-Benz,Mercedes-AMG GLB,"[""SUV""]"
2022,Mercedes-Benz,Mercedes-AMG GLC,"[""SUV""]"
2022,Mercedes-Benz,Mercedes-AMG GLC Coupe,"[""SUV""]"
2022,Mercedes-Benz,Mercedes-AMG GLE,"[""SUV""]"
2022,Mercedes-Benz,Mercedes-AMG GLE Coupe,"[""SUV""]"
2022,Mercedes-Benz,Mercedes-AMG SL,"[""Convertible""]"
2022,Mercedes-Benz,Mercedes-EQ EQB,"[""SUV""]"
2022,Mercedes-Benz,Mercedes-EQ EQS,"[""Sedan""]"
2022,Mercedes-Benz,Mercedes-Maybach S-Class,"[""Sedan""]"
2022,Mercedes-Benz,S-Class,"[""Sedan""]"
2022,MINI,Clubman,"[""Hatchback""]"
2022,MINI,Convertible,"[""Convertible""]"
2022,MINI,Countryman,"[""SUV""]"
2022,MINI,Hardtop 2 Door,"[""Hatchback""]"
2022,MINI,Hardtop 4 Door,"[""Hatchback""]"
2022,Mitsubishi,Eclipse Cross,"[""SUV""]"
2022,Mitsubishi,Mirage,"[""Hatchback""]"
2022,Mitsubishi,Mirage G4,"[""Sedan""]"
2022,Mitsubishi,Outlander,"[""SUV""]"
2022,Mitsubishi,Outlander PHEV,"[""SUV""]"
2022,Mitsubishi,Outlander Sport,"[""SUV""]"
2022,Nissan,400Z,"[""Coupe""]"
2022,Nissan,Altima,"[""Sedan""]"
2022,Nissan,Armada,"[""SUV""]"
2022,Nissan,Frontier Crew Cab,"[""Pickup""]"
2022,Nissan,Frontier King Cab,"[""Pickup""]"
2022,Nissan,GT-R,"[""Coupe""]"
2022,Nissan,Kicks,"[""SUV""]"
2022,Nissan,LEAF,"[""Hatchback""]"
2022,Nissan,Maxima,"[""Sedan""]"
2022,Nissan,Murano,"[""SUV""]"
2022,Nissan,Pathfinder,"[""SUV""]"
2022,Nissan,Rogue,"[""SUV""]"
2022,Nissan,Rogue Sport,"[""SUV""]"
2022,Nissan,Sentra,"[""Sedan""]"
2022,Nissan,Titan King Cab,"[""Pickup""]"
2022,Nissan,Versa,"[""Sedan""]"
2022,Polestar,2,"[""Hatchback""]"
2022,Porsche,718 Boxster,"[""Convertible""]"
2022,Porsche,718 Cayman,"[""Coupe""]"
2022,Porsche,718 Spyder,"[""Convertible""]"
2022,Porsche,911,"[""Coupe"", ""Convertible""]"
2022,Porsche,Cayenne,"[""SUV""]"
2022,Porsche,Cayenne Coupe,"[""SUV""]"
2022,Porsche,Macan,"[""SUV""]"
2022,Porsche,Panamera,"[""Sedan""]"
2022,Porsche,Taycan,"[""Sedan""]"
2022,Porsche,Taycan Cross Turismo,"[""Sedan""]"
2022,Ram,1500 Classic Quad Cab,"[""Pickup""]"
2022,Ram,1500 Crew Cab,"[""Pickup""]"
2022,Ram,1500 Quad Cab,"[""Pickup""]"
2022,Ram,2500 Crew Cab,"[""Pickup""]"
2022,Ram,2500 Mega Cab,"[""Pickup""]"
2022,Ram,2500 Regular Cab,"[""Pickup""]"
2022,Ram,3500 Crew Cab,"[""Pickup""]"
2022,Ram,ProMaster Cargo Van,"[""Van/Minivan""]"
2022,Ram,ProMaster City,"[""Van/Minivan""]"
2022,Ram,ProMaster Window Van,"[""Van/Minivan""]"
2022,Rivian,R1S,"[""SUV""]"
2022,Rivian,R1T,"[""Pickup""]"
2022,Subaru,Ascent,"[""SUV""]"
2022,Subaru,BRZ,"[""Coupe""]"
2022,Subaru,Crosstrek,"[""SUV""]"
2022,Subaru,Forester,"[""SUV""]"
2022,Subaru,Impreza,"[""Sedan"", ""Wagon""]"
2022,Subaru,Legacy,"[""Sedan""]"
2022,Subaru,Outback,"[""SUV""]"
2022,Subaru,WRX,"[""Sedan""]"
2022,Tesla,Cybertruck,"[""Pickup""]"
2022,Tesla,Model 3,"[""Sedan""]"
2022,Tesla,Model S,"[""Sedan""]"
2022,Tesla,Model X,"[""SUV""]"
2022,Tesla,Model Y,"[""SUV""]"
2022,Toyota,4Runner,"[""SUV""]"
2022,Toyota,86,"[""Coupe""]"
2022,Toyota,Avalon,"[""Sedan""]"
2022,Toyota,Avalon Hybrid,"[""Sedan""]"
2022,Toyota,Camry,"[""Sedan""]"
2022,Toyota,Camry Hybrid,"[""Sedan""]"
2022,Toyota,C-HR,"[""SUV""]"
2022,Toyota,Corolla,"[""Sedan""]"
2022,Toyota,Corolla Cross,"[""SUV""]"
2022,Toyota,Corolla Hatchback,"[""Hatchback""]"
2022,Toyota,Corolla Hybrid,"[""Sedan""]"
2022,Toyota,GR Supra,"[""Coupe""]"
2022,Toyota,GR86,"[""Coupe""]"
2022,Toyota,Highlander,"[""SUV""]"
2022,Toyota,Highlander Hybrid,"[""SUV""]"
2022,Toyota,Mirai,"[""Sedan""]"
2022,Toyota,Prius,"[""Hatchback""]"
2022,Toyota,Prius Prime,"[""Hatchback""]"
2022,Toyota,RAV4,"[""SUV""]"
2022,Toyota,RAV4 Hybrid,"[""SUV""]"
2022,Toyota,RAV4 Prime,"[""SUV""]"
2022,Toyota,Sequoia,"[""SUV""]"
2022,Toyota,Sienna,"[""Van/Minivan""]"
2022,Toyota,Tacoma Access Cab,"[""Pickup""]"
2022,Toyota,Tacoma Double Cab,"[""Pickup""]"
2022,Toyota,Tundra CrewMax,"[""Pickup""]"
2022,Toyota,Tundra Double Cab,"[""Pickup""]"
2022,Toyota,Venza,"[""SUV""]"
2022,Volkswagen,Arteon,"[""Sedan""]"
2022,Volkswagen,Atlas,"[""SUV""]"
2022,Volkswagen,Atlas Cross Sport,"[""SUV""]"
2022,Volkswagen,Golf GTI,"[""Hatchback""]"
2022,Volkswagen,Golf R,"[""Hatchback""]"
2022,Volkswagen,ID.4,"[""SUV""]"
2022,Volkswagen,Jetta,"[""Sedan""]"
2022,Volkswagen,Jetta GLI,"[""Sedan""]"
2022,Volkswagen,Passat,"[""Sedan""]"
2022,Volkswagen,Taos,"[""SUV""]"
2022,Volkswagen,Tiguan,"[""SUV""]"
2022,Volvo,C40 Recharge,"[""SUV""]"
2022,Volvo,S60,"[""Sedan""]"
2022,Volvo,S90,"[""Sedan""]"
2022,Volvo,V60,"[""Wagon""]"
2022,Volvo,V90,"[""Wagon""]"
2022,Volvo,XC40,"[""SUV""]"
2022,Volvo,XC40 Recharge,"[""SUV""]"
2022,Volvo,XC60,"[""SUV""]"
2022,Volvo,XC90,"[""SUV""]"
