Make_Name,2005,2006,2007,2008,2009,2010,2011,2012,2013,2014,2015,2016,2017,2018,2019,2020,2021,Model_Name,Model_ID,Make_ID
Acura,1,0,0,0,0,0,0,0,0,0,0,0,0,0,0,0,0,CL,37,54
Acura,0,0,0,0,0,0,0,11279,20430,17854,18531,14597,11757,11273,14685,13414,13900,ILX,41,54
Acura,0,0,0,0,0,0,0,972,0,0,0,0,0,0,0,0,0,ILX Hybrid,-1,54
Acura,57948,54121,58606,45377,31178,47210,43271,50854,53040,65603,58208,55495,54886,51512,52019,47816,60057,MDX,421,54
Acura,206,58,2,0,0,0,0,0,0,0,0,269,581,170,238,128,124,NSX,43,54
Acura,0,9164,23356,15845,10153,14975,15196,29520,44750,44865,51026,52361,51295,63580,62876,52785,57013,RDX,402,54
Acura,17572,11501,6262,4517,2043,2037,1096,379,0,0,0,0,0,0,0,0,0,RL,-1,54
Acura,0,0,0,0,0,0,0,0,0,0,2195,1478,1237,1931,1019,1054,214,RLX,-1,54
Acura,0,0,0,0,0,0,0,0,5053,3413,0,0,0,0,0,0,0,RL/RXL,36,54
Acura,20809,16996,296,0,0,0,0,0,0,0,0,0,0,0,0,0,0,RSX,38,54
Acura,78218,71348,58545,46766,33620,34049,31237,33572,24318,10616,88,0,0,0,0,0,0,TL,35,54
Acura,0,0,0,0,0,0,0,0,0,19127,47080,37156,34846,30468,26548,21785,26100,TLX,44,54
Acura,34856,38035,33037,31998,28650,32076,0,0,0,0,35,4,0,0,0,0,0,TSX,39,54
Acura,0,0,0,0,0,0,27725,24631,15508,5647,0,0,0,0,0,0,0,TSX Sedan,-1,54
Acura,0,0,0,0,0,0,3210,4234,1976,640,0,0,0,0,0,0,0,TSX Sport Wagon,-1,54
Acura,0,0,0,0,79,3259,1564,775,361,78,2,0,0,0,0,0,0,ZDX,-1,54
Alfa Romeo,0,0,0,0,0,0,0,0,0,91,659,480,407,238,145,99,78,4C,36,31
Alfa Romeo,0,0,0,0,0,0,0,0,0,0,0,36,8903,11519,8705,8204,7635,Giulia,37,31
Alfa Romeo,0,0,0,0,0,0,0,0,0,0,0,0,2721,12043,9444,10282,10539,Stelvio,422,31
Audi,5389,8040,6353,4759,3874,6558,6561,7205,857,22250,35984,31538,20733,18305,10418,9938,2387,A3,48,32
Audi,0,0,0,0,0,0,0,0,0,0,0,0,2877,0,0,0,0,A3 e-tron,-1,32
Audi,48922,49862,45411,43343,37070,34672,0,0,0,0,0,0,37674,34311,26435,18342,16263,A4,43,32
Audi,0,0,0,0,0,0,0,3115,5386,4686,2818,2300,0,0,0,0,0,A4 Allroad,-1,32
Audi,0,0,0,0,0,0,3505,1252,0,0,0,0,0,0,0,0,0,A4 Avant,-1,32
Audi,0,0,0,0,0,0,31729,34163,0,0,29013,34687,0,0,0,0,0,A4 Sedan,-1,32
Audi,0,0,0,0,0,0,0,0,36744,33993,0,0,0,0,0,0,0,A4 Sedan/Avant,-1,32
Audi,0,0,625,6282,9800,16379,15385,17270,18664,16620,12934,8354,21301,25972,23023,18827,17128,A5,49,32
Audi,20503,16219,12001,11956,6786,8675,11124,18998,22428,23941,22850,18686,16304,10561,17807,10536,9543,A6,42,32
Audi,0,0,0,0,0,0,6270,8598,8483,8133,7721,6558,4810,3852,4955,2859,3080,A7,51,32
Audi,5430,5038,3826,2825,1463,1521,5700,6002,6300,5904,4990,4149,3127,1599,2963,2375,2068,A8,44,32
Audi,0,0,0,0,0,0,0,0,0,0,0,0,0,0,5369,7202,8278,eTron,406,32
Audi,0,0,0,0,0,0,0,0,0,0,0,0,0,0,0,0,1227,e-Tron GT,-1,32
Audi,0,0,0,0,0,0,0,0,0,0,0,0,0,0,0,0,505,e-Tron Sportback,-1,32
Audi,0,0,0,0,0,0,0,0,0,3654,13229,20048,20633,16828,14822,27252,34464,Q3,405,32
Audi,0,0,0,0,0,0,0,0,0,0,0,0,0,0,0,0,45,Q4 e-tron,-1,32
Audi,0,0,0,0,0,0,0,0,0,0,0,0,0,0,0,0,18,Q4 e-tron Sportback,-1,32
Audi,0,0,0,0,13790,23518,24908,28671,40355,42420,52006,49550,57640,69978,67516,50435,60299,Q5,402,32
Audi,0,10003,20695,13209,7299,7976,8998,11008,15978,18517,18995,30563,38346,37417,34649,25372,25363,Q7,422,32
Audi,0,0,0,0,0,0,0,0,0,0,0,0,0,2029,14256,12072,12539,Q8,421,32
Audi,0,0,240,900,699,799,1145,802,813,735,495,736,772,927,574,583,648,R8,50,32
Audi,2822,954,4355,4486,1935,1531,2236,2226,2053,1158,1167,3044,2294,1289,1324,832,987,TT,45,32
BMW,0,0,0,12018,11182,13132,8832,7689,0,0,0,0,0,0,0,0,0,1-Series,43,34
BMW,0,0,0,0,0,0,0,0,7220,7345,0,0,0,0,0,0,0,1-Series & 2-Series,-1,34
BMW,0,0,0,0,0,0,0,0,0,0,13020,15519,11737,9208,8015,13209,15684,2-Series,48,34
BMW,106950,120180,142490,112464,90960,100910,94371,99602,0,0,94540,70458,59449,44578,47827,39290,49458,3-Series,34,34
BMW,0,0,0,0,0,0,0,0,119521,142232,0,0,0,0,0,0,0,3-Series & 4-Series,-1,34
BMW,0,0,0,0,0,0,0,0,0,0,46069,35763,39634,31379,18621,12357,22938,4-Series,47,34
BMW,52722,56756,54142,45915,40109,39488,51491,56798,56863,52704,44162,32408,40658,43937,38709,25515,24523,5-Series,35,34
BMW,9934,9326,9033,6533,3549,2418,3903,8208,9762,8647,8146,3947,3355,3762,1139,1960,56,6-Series,36,34
BMW,18165,17796,14773,12276,9254,12253,11299,11098,10932,9744,9292,12918,9276,8271,8823,5985,7705,7-Series,37,34
BMW,0,0,0,0,0,0,0,0,0,0,0,0,0,223,4410,7714,7763,8-Series,38,34
BMW,0,0,0,0,0,0,0,0,0,6092,11024,7625,6276,6120,4853,1502,1476,i3,45,34
BMW,0,0,0,0,0,0,0,0,0,555,2265,1594,488,772,1102,192,21,i8,46,34
BMW,0,0,0,0,0,0,0,8947,26512,22808,14420,27812,30826,29057,17815,14368,18255,X1,403,34
BMW,0,0,0,0,0,0,0,0,0,0,0,0,0,16154,11293,7368,6563,X2,405,34
BMW,30769,31291,28058,17622,6067,6075,27793,35173,30623,33824,31924,44196,40691,61351,70110,59777,75858,X3,402,34
BMW,0,0,0,0,0,0,0,0,0,2709,6429,4989,5198,4323,8758,7662,10622,X4,49,34
BMW,37598,26798,35202,31858,27071,35776,40547,44445,39818,47031,54997,47641,50815,45013,54595,50513,60724,X5,421,34
BMW,0,0,0,4548,4787,6257,6192,6749,5549,3896,7906,7117,6780,6862,4240,7291,9590,X6,404,34
BMW,0,0,0,0,0,0,0,0,0,0,0,0,0,0,21574,23230,23046,X7,422,34
BMW,10045,12285,10097,5879,3523,3804,3479,2751,2480,2151,1829,1187,502,4,2941,2364,2412,Z4,42,34
BMW,17,0,0,0,0,0,0,0,0,0,0,0,0,0,0,0,0,Z8,40,34
Buick / Opel,0,0,0,0,0,0,0,0,0,0,0,7153,5595,4628,2535,12,0,Cascada,26,18
Buick / Opel,6504,83,5,0,0,0,0,0,0,0,0,0,0,0,0,0,0,Century,7,18
Buick / Opel,0,0,29286,44706,43150,55426,58392,56703,60534,62300,62081,52028,48564,49648,51156,38479,42340,Enclave,421,18
Buick / Opel,0,0,0,0,0,0,0,0,31956,48892,67549,78565,88035,93071,102401,44353,20438,Encore,404,18
Buick / Opel,0,0,0,0,0,0,0,0,0,0,0,0,0,0,0,42240,72401,Encore GX,-1,18
Buick / Opel,0,0,0,0,0,0,0,0,0,0,0,14193,41040,30153,33230,34943,47173,Envision,405,18
Buick / Opel,92669,71072,47747,36873,27818,61178,58474,57076,48798,51468,42035,27582,20161,15527,7241,229,9,LaCrosse,22,18
Buick / Opel,75369,2313,121,0,0,0,0,0,0,0,0,0,0,0,0,0,0,LeSabre,2,18
Buick / Opel,8821,96515,82923,54930,31292,26459,20358,971,9,0,0,0,0,0,0,0,0,Lucerne,23,18
Buick / Opel,2175,51,26,0,0,0,0,0,0,0,0,0,0,0,0,0,0,Park Avenue,-1,18
Buick / Opel,15271,12691,4819,117,4,0,0,0,0,0,0,0,0,0,0,0,0,Rainier,402,18
Buick / Opel,602,0,0,0,0,12326,40144,24616,18685,22560,19504,19833,11559,14117,10363,2493,19,Regal,19,18
Buick / Opel,0,0,0,163,12,0,0,0,0,0,0,0,0,0,0,0,0,Relay,-1,18
Buick / Opel,60589,45954,15295,27,9,0,0,0,0,0,0,0,0,0,0,0,0,Rendezvous,-1,18
Buick / Opel,20288,11948,5569,544,33,0,0,0,0,0,0,0,0,0,0,0,0,Terraza,441,18
Buick / Opel,0,0,0,0,0,0,265,41042,45527,43743,31886,30277,4277,0,0,0,0,Verano,25,18
Buick / Opel,0,0,0,3,1,0,0,0,0,0,0,0,0,0,0,0,0,Verona,-1,18
Cadillac,0,0,0,0,0,0,0,7008,38319,29890,26873,21505,13100,10860,1134,115,0,ATS,24,19
Cadillac,0,0,0,0,0,0,0,0,0,0,0,0,0,0,0,4888,7254,CT4,-1,19
Cadillac,0,0,0,0,0,0,0,0,0,0,0,0,0,0,43,14712,9448,CT5,27,19
Cadillac,0,0,0,0,0,0,0,0,0,0,0,9169,10542,9669,7952,3117,103,CT6,26,19
Cadillac,61512,54846,57029,58774,38817,45656,55042,46979,32343,31115,19485,15911,10344,11220,6966,611,68,CTS,18,19
Cadillac,38661,807,71,0,0,0,0,0,0,0,0,0,0,0,0,0,0,Deville,3,19
Cadillac,23322,58224,51469,30479,17330,18640,11589,465,19,0,0,0,0,0,0,0,0,DTS,22,19
Cadillac,0,0,0,0,0,0,0,0,6,1310,1024,534,17,0,0,0,0,ELR,25,19
Cadillac,51144,62206,60991,39710,25884,26874,15079,12615,12592,19482,21230,23604,37694,36032,35424,24545,40504,Escalade,421,19
Cadillac,0,0,0,0,0,0,8388,8083,7950,10987,14691,15488,0,0,0,0,0,Escalade ESV,431,19
Cadillac,0,0,0,0,0,0,2036,1934,1972,53,2,0,0,0,0,0,0,Escalade EXT,481,19
Cadillac,137,0,0,0,0,0,0,0,0,0,0,0,0,0,0,0,0,Seville,14,19
Cadillac,22999,22043,22543,16156,20237,51094,56905,57485,56776,53578,68850,22139,156,0,0,0,0,SRX,20,19
Cadillac,33497,25676,20873,14790,6037,4473,3338,164,7,0,0,0,0,0,0,0,0,STS,21,19
Cadillac,3730,3203,1750,1250,787,188,0,0,0,0,0,0,0,0,0,0,0,XLR,19,19
Cadillac,0,0,0,0,0,0,0,0,0,0,0,0,0,7785,31987,22473,11576,XT4,422,19
Cadillac,0,0,0,0,0,0,0,0,0,0,0,39485,68312,60566,49878,35224,28378,XT5,401,19
Cadillac,0,0,0,0,0,0,0,0,0,0,0,0,0,0,11560,22610,20663,XT6,423,19
Cadillac,0,0,0,0,0,0,0,15049,32559,24335,23112,22171,16275,17729,11306,1200,0,XTS,23,19
Chevrolet,19215,386,25,0,0,0,0,0,0,0,0,0,0,0,0,0,0,Astro,-1,20
Chevrolet,63186,57076,55550,35003,16432,20515,20088,23995,16526,92,8,0,0,0,0,0,0,Avalanche,482,20
Chevrolet,68085,58244,67028,55360,38516,48623,28601,67,2,0,0,0,0,0,0,0,0,Aveo,39,20
Chevrolet,4936,114,7,0,0,0,0,0,0,0,0,0,0,27,58116,94598,70323,Blazer,-1,20
Chevrolet,0,0,0,0,0,0,0,0,0,0,0,579,23297,18020,16419,20753,24827,Bolt,40,20
Chevrolet,0,0,0,0,61648,81299,88249,84391,80567,86297,77502,72705,67940,50963,48266,29777,21893,Camaro,9,20
Chevrolet,0,0,0,0,0,0,880,3734,3899,3727,1845,1021,693,0,0,0,0,Caprice PPV,27,20
Chevrolet,0,0,0,0,0,0,7038,36935,47600,35368,55,2,0,0,0,0,0,Captiva Sport,405,20
Chevrolet,18960,355,57,0,0,0,0,0,0,0,0,0,0,0,0,0,0,Cavalier,16,20
Chevrolet,0,0,0,0,0,0,0,0,0,530,10283,7019,8348,0,0,0,0,City Express,445,20
Chevrolet,212667,211449,200620,188045,104724,97376,856,11,0,0,0,0,0,0,0,0,0,Cobalt,22,20
Chevrolet,128359,93876,75716,54346,32413,24642,31026,36840,3412,8003,84430,108725,112996,134842,121703,96236,73008,Colorado,473,20
Chevrolet,32489,36518,33685,26971,13934,12624,13164,14132,17291,34839,33329,29995,25079,18789,17988,21627,33042,Corvette,4,20
Chevrolet,0,0,0,0,0,24495,231732,237758,248224,273060,226602,188876,184751,142618,47975,783,0,Cruze,25,20
Chevrolet,130542,113888,89552,67447,86148,149979,193274,218621,238192,242242,277589,242195,290458,332621,346049,270994,165325,Equinox,404,20
Chevrolet,0,0,0,0,0,0,0,0,79087,79352,63382,68007,69164,66963,77457,55040,44357,Express,-1,20
Chevrolet,41011,101298,105175,96053,70842,75401,37012,21,3,0,0,0,0,0,0,0,0,HHR,23,20
Chevrolet,246481,289868,311128,265840,165565,172078,171434,169351,156797,140280,116825,97006,75877,56557,44978,9943,750,Impala,2,20
Chevrolet,203503,163853,128312,178253,161568,198770,204808,210951,200594,188519,194854,227881,185857,144542,120302,102652,39376,Malibu,37,20
Chevrolet,42358,18,17,0,0,0,0,0,0,0,0,0,0,0,0,0,0,Malibu Classic,1,20
Chevrolet,33562,34113,15784,711,6,0,0,0,0,0,0,0,0,0,0,0,0,Monte Carlo,36,20
Chevrolet,149,0,0,0,0,0,0,0,0,0,0,0,0,0,0,0,0,S10,401,20
Chevrolet,705980,636069,618257,465065,316544,370135,415130,418312,480414,529755,600544,574876,585864,585582,575569,593057,529765,Silverado,-1,20
Chevrolet,0,0,0,0,0,0,15778,81247,85646,93518,64775,55255,30290,20613,13970,13007,1581,Sonic,28,20
Chevrolet,0,0,0,0,0,0,0,12385,34130,39159,32853,35511,22589,23603,31280,33480,24460,Spark,29,20
Chevrolet,0,0,0,0,0,0,0,0,418,2479,2895,3013,4055,0,0,0,0,SS,21,20
Chevrolet,8107,3803,244,0,0,0,0,0,0,0,0,0,0,0,0,0,0,SSR,38,20
Chevrolet,87011,77211,83673,54058,41055,45152,49427,48116,51260,55009,50866,60082,56516,60633,51928,33644,85159,Suburban,422,20
Chevrolet,152305,161491,146256,91578,73254,75675,80527,68904,83502,97726,88342,103306,98961,104152,101189,88237,106019,Tahoe,-1,20
Chevrolet,474,0,0,0,0,0,0,0,0,0,0,0,0,0,0,0,0,Tracker,-1,20
Chevrolet,244150,174797,134626,74878,8829,218,0,0,0,0,0,0,0,0,0,34292,90163,TrailBlazer,403,20
Chevrolet,0,0,0,9456,91074,106744,107131,85606,96467,103943,119945,116701,123506,146264,147122,125546,116251,Traverse,423,20
Chevrolet,0,0,0,0,0,0,0,0,0,739,63030,79016,79289,89917,116817,106299,42590,Trax,406,20
Chevrolet,72980,58699,69885,40456,1758,76,0,0,0,0,0,0,0,0,0,0,0,Uplander,444,20
Chevrolet,7029,196,25,0,0,0,0,0,0,0,0,0,0,0,0,0,0,Venture,443,20
Chevrolet,0,0,0,0,0,326,7671,23461,23094,18805,15393,24739,20349,18306,4911,68,0,Volt,26,20
Chrysler,0,0,0,0,0,255,87033,125476,122480,117363,167368,57294,18457,1043,48,9,15,200,18,6
Chrysler,144068,143647,120636,62352,38606,37116,36285,70747,57724,53382,53025,53241,51237,46593,29214,16473,16662,300,51,6
Chrysler,0,0,0,22254,5996,30,0,0,0,0,0,0,0,0,0,0,0,Aspen,421,6
Chrysler,210,0,0,0,0,0,0,0,0,0,0,0,0,0,0,0,0,Concorde,41,6
Chrysler,14665,8216,8774,2021,499,0,0,0,0,0,0,0,0,0,0,0,0,Crossfire,55,6
Chrysler,85557,78243,53947,7345,1955,0,0,0,0,0,0,62366,118274,118322,97706,84113,74970,Pacifica,54,6
Chrysler,133740,138650,99585,50910,17941,9440,0,0,0,0,0,0,0,0,0,0,0,PT Cruiser,52,6
Chrysler,90294,69357,93130,71663,27460,38330,2380,0,0,0,0,0,0,0,0,0,0,Sebring,43,6
Chrysler,180759,159105,138151,118563,84558,112275,94320,111744,122288,138040,97530,59071,577,0,0,9690,23355,Town & Country,441,6
Dodge,0,7656,28788,0,0,0,0,0,0,0,0,0,0,0,0,0,0,Aspen,6,7
Dodge,0,0,83804,61963,38922,50923,64023,96890,93842,51705,1326,45,14,0,0,0,0,Avenger,42,7
Dodge,0,92224,101079,84158,36098,45082,35049,10176,45,0,0,0,0,0,0,0,0,Caliber,25,7
Dodge,226771,211140,176150,123749,90666,103323,110862,141468,124019,134152,101553,127678,125196,151927,122648,38765,3037,Caravan/Grand Caravan,442,7
Dodge,0,0,0,17423,25852,36791,39543,43119,51462,51611,66377,64433,64537,66716,60997,52955,54315,Challenger,28,7
Dodge,44804,114201,119289,97367,60651,75397,70089,82592,98336,94099,96633,95437,88351,80226,96936,77426,78388,Charger,24,7
Dodge,104051,76098,50702,26044,10690,13047,12156,490,0,0,0,0,0,0,0,0,0,Dakota,472,7
Dodge,0,0,0,0,0,0,0,25303,83388,83858,87908,43402,10082,389,16,5,10,Dart,29,7
Dodge,115439,70606,45503,21420,3521,572,51697,42589,60727,64398,64723,68474,68761,65947,67598,57828,65936,Durango,422,7
Dodge,298,0,0,0,0,0,0,0,0,0,0,0,0,0,0,0,0,Intrepid,41,7
Dodge,0,0,0,47097,53826,48577,55155,79563,83933,93572,108085,106759,89470,94096,74687,40341,14034,Journey,404,7
Dodge,52487,40095,30256,6912,113,0,0,0,0,0,0,0,0,0,0,0,0,Magnum,21,7
Dodge,113332,0,0,0,0,0,0,0,0,0,0,0,0,0,0,0,0,Neon,20,7
Dodge,0,16990,74825,36368,17443,22618,24434,3269,0,0,0,0,0,0,0,0,0,Nitro,403,7
Dodge,400543,364177,358295,245840,177268,199652,244762,293363,0,0,0,0,0,0,0,0,0,Ram,443,7
Dodge,99648,51393,1478,0,0,0,0,0,0,0,0,0,0,0,0,0,0,Stratus,43,7
Dodge,1652,1455,435,1172,482,392,197,20,591,760,690,630,585,0,0,6,6,Viper,4,7
Fiat,0,0,0,0,0,0,0,0,0,0,0,2475,4478,3515,2646,1711,955,124 Spider,39,36
Fiat,0,0,0,0,0,0,19769,43772,35834,33708,23980,15437,12685,5370,3267,674,51,500,38,36
Fiat,0,0,0,0,0,0,0,0,7402,12413,7585,3118,1664,1413,772,475,188,500L,401,36
Fiat,0,0,0,0,0,0,0,0,0,0,11357,11712,7665,5223,2519,1444,1180,500X,402,36
Ford,0,0,0,0,0,0,0,0,0,0,0,0,0,0,0,0,35023,Bronco,401,12
Ford,0,0,0,0,0,0,0,0,0,0,0,0,0,0,0,5120,108169,Bronco Sport,-1,12
Ford,0,0,0,0,0,0,0,13309,35210,27595,21768,19834,18390,0,0,0,0,C-Max,27,12
Ford,63939,62976,60901,48557,33255,33722,46725,4429,0,0,0,0,0,0,0,0,0,Crown Victoria,16,12
Ford,0,0,0,0,0,0,0,0,0,0,0,0,0,54348,60599,60544,40659,EcoSport,403,12
Ford,1302,2201,130125,110798,88548,118637,121702,127969,129109,108864,124120,134588,142603,134122,138514,108886,85225,Edge,424,12
Ford,165122,157395,165596,156544,173044,191026,254293,261008,295993,306212,306492,307069,308296,272228,241387,178495,145415,Escape,402,12
Ford,0,0,0,0,0,0,0,0,125356,103263,50788,54245,53304,47936,45063,37001,37122,E-Series,-1,12
Ford,16283,0,0,0,0,0,0,0,0,0,0,0,0,0,0,0,0,Excursion,423,12
Ford,114137,87203,90287,55123,31655,37336,40499,38062,38350,44632,41443,59835,51883,54661,86423,77838,81988,Expedition,422,12
Ford,239788,179229,137817,78439,52190,60687,135704,158344,178311,189339,224309,216294,271131,261571,187061,226215,219871,Explorer,425,12
Ford,0,0,0,0,0,0,0,5863,14086,20655,24942,32213,0,0,0,0,0,Explorer Police Interceptor,-1,12
Ford,0,0,0,0,0,23273,68574,56775,71073,63192,64458,48807,46249,51730,60148,3354,0,Fiesta,32,12
Ford,107932,84218,35146,0,0,0,0,0,0,0,0,0,0,0,0,0,0,Five Hundred,21,12
Ford,0,0,0,14457,38717,34227,27428,28224,25953,23822,19570,22668,22389,20308,24485,4849,0,Flex,25,12
Ford,184825,177006,173213,195823,160433,172421,175717,245922,234570,219634,202478,168789,158385,0,0,0,0,Focus,37,12
Ford,77585,50125,2390,0,0,0,0,0,0,0,0,0,0,0,0,0,0,Freestar,443,12
Ford,76739,58602,23765,0,0,0,0,0,0,0,0,0,0,0,0,0,0,Freestyle,22,12
Ford,901463,796039,690589,515513,413625,528349,584917,645316,763402,753851,780354,820799,896764,909330,896526,787372,726003,F-Series,481,12
Ford,16983,142502,149552,147569,180671,219219,248067,241263,295280,306860,300170,265840,209623,173600,166045,110665,11781,Fusion,23,12
Ford,1302,1919,231,0,0,0,0,0,0,0,0,0,89,126,698,125,143,GT,38,12
Ford,0,0,0,0,0,0,0,0,0,0,0,0,0,0,0,0,13258,Maverick,8,12
Ford,160975,166530,134626,91251,66623,73716,70438,82995,77186,82635,122349,105932,81866,75842,72489,61090,52384,Mustang,3,12
Ford,0,0,0,0,0,0,0,0,0,0,0,0,0,0,0,3,27140,Mustang Mach E,-1,12
Ford,120958,92420,72711,65872,55600,55364,70832,19366,0,0,0,0,0,0,83571,101485,94755,Ranger,471,12
Ford,196919,174803,33032,52667,45617,68859,63526,66066,69063,52395,39051,34626,41236,40341,13423,0,0,Taurus,17,12
Ford,0,0,0,0,0,0,0,8309,10897,10234,9765,9472,0,0,0,0,0,Taurus Police Interceptor,-1,12
Ford,0,0,18345,23112,6106,12,0,0,0,0,0,0,0,0,0,0,0,Taurus X,-1,12
Ford,9548,0,0,0,0,0,0,0,0,0,0,0,0,0,0,0,0,Thunderbird,4,12
Ford,0,0,0,0,0,0,0,0,0,20448,117577,143244,127360,137794,153867,131557,99745,Transit,462,12
Ford,0,0,0,0,0,0,0,0,39703,43210,52221,43232,34473,31923,41597,34596,26112,Transit Connect,444,12
GMC,0,480,72765,66440,53820,68295,79288,78280,89793,83972,96393,88466,111276,88622,99430,72538,59913,Acadia,423,23
GMC,34845,23979,20888,14974,10107,7992,9590,8735,929,3070,30077,37449,32106,33493,32826,25191,24125,Canyon,472,23
GMC,107862,74452,48586,23876,4857,84,0,0,0,0,0,0,0,0,0,0,0,Envoy,-1,23
GMC,3436,56,13,0,0,0,0,0,0,0,0,0,0,0,0,0,0,Safari,441,23
GMC,0,0,0,0,0,0,0,0,16705,26641,21992,20607,29679,19685,24227,15108,36008,Savana,-1,23
GMC,229488,210736,208243,168544,111842,129794,149170,157185,184389,211833,224139,221680,217943,219554,232325,253014,248923,Sierra,-1,23
GMC,66,0,0,0,0,0,0,0,0,0,0,0,0,0,0,0,0,Sonoma,-1,23
GMC,0,0,0,0,14033,60519,83179,97786,99525,105016,112030,87925,85441,114311,101470,86020,47488,Terrain,402,23
GMC,10303,0,0,0,0,68,0,0,0,0,0,0,0,0,0,0,0,Torrent,-1,23
GMC,73458,71476,63428,39064,29411,28781,34250,27818,28302,41569,42732,53447,49183,74678,74672,63442,84243,Yukon,-1,23
GMC,53652,45413,45303,26404,16819,23797,25223,23427,31258,29752,31334,37054,35059,0,0,0,0,Yukon XL,-1,23
Honda,369293,354441,392231,372789,290056,311381,235625,331872,366678,388374,355557,345225,322655,291071,267567,199458,202676,Accord,32,37
Honda,308415,316638,331095,339289,259722,260218,216532,310753,336180,325981,335384,366927,377286,325760,325650,261225,263787,Civic,31,37
Honda,0,0,0,0,0,0,4703,7156,0,0,0,0,0,0,0,0,0,Civic Hybrid,-1,37
Honda,0,0,0,0,0,0,0,0,0,0,0,0,2455,20174,11654,3664,2597,Clarity FCV,-1,37
Honda,0,0,0,0,0,0,17974,20848,16847,11802,9104,726,5,0,0,0,0,Crosstour,405,37
Honda,150219,170028,219160,197279,191214,203714,218373,281652,303904,335019,345647,357335,377895,379021,384168,323502,361271,CR-V,402,37
Honda,0,0,0,0,0,5249,11330,4192,4550,3562,3073,2338,705,0,0,552,0,CR-Z,41,37
Honda,56262,51829,35218,26447,14884,14247,11534,3,2,0,0,0,0,0,0,0,0,Element,403,37
Honda,6,6,10,11,5,17,2,5,10,2,2,8,0,0,0,0,0,FCX,38,37
Honda,0,27934,56432,79794,67315,54354,59235,49253,53513,59340,52724,56630,49454,35030,35414,32488,8695,Fit,39,37
Honda,0,0,0,0,0,0,0,93,0,0,0,0,0,0,0,0,0,Fit EV,-1,37
Honda,0,0,0,0,0,0,0,0,0,0,41969,82041,94034,85494,99104,84027,137090,HR-V,404,37
Honda,666,722,3,0,20572,20962,15549,5846,4802,3965,1458,67,3,12513,23686,15932,18685,Insight,37,37
Honda,174275,177919,173046,135493,100133,108182,107068,125980,128987,122738,127736,120846,100307,106327,99113,83409,76125,Odyssey,441,37
Honda,0,0,0,0,0,0,0,0,0,0,0,0,0,0,36285,39567,53133,Passport,401,37
Honda,143353,152154,117146,96746,83901,102323,116297,114848,126678,108857,136212,120772,127279,159615,135008,123813,143062,Pilot,421,37
Honda,42593,50193,42795,33875,16474,16142,9759,14068,17723,13389,520,23667,34749,30592,33334,32168,41355,Ridgeline,471,37
Honda,7780,6271,4302,2538,795,85,0,0,2,0,0,0,0,0,0,0,0,S2000,35,37
AM General,374,365,125,0,0,0,0,0,0,0,0,0,0,0,0,0,0,Hummer,482,3
AM General,23213,17107,12431,6095,1513,151,0,0,0,0,0,0,0,0,0,0,0,Hummer,482,3
AM General,33140,54052,43430,21373,7533,3661,0,0,0,0,0,0,0,0,0,0,0,Hummer,482,3
Hyundai,41012,34735,36055,50431,68086,51975,55601,61004,60458,63309,61486,79766,58955,29090,25628,15975,18868,Accent,36,55
Hyundai,17645,26833,21948,14461,3808,3051,1524,8431,11221,7232,5539,4942,3060,0,0,0,0,Azera,39,55
Hyundai,116336,98853,85724,94720,103269,132246,186361,202034,247912,222023,241706,208319,198210,200415,175094,105475,127360,Elantra,35,55
Hyundai,0,12206,17155,8470,3433,0,0,0,0,0,0,0,0,0,0,0,0,Entourage,441,55
Hyundai,0,0,0,0,0,196,3193,3972,3578,3415,2332,1361,20,0,0,0,0,Equus,40,55
Hyundai,0,0,0,6167,21889,29122,32998,33973,32330,29992,31374,23230,1152,0,0,0,0,Genesis,44,55
Hyundai,0,0,0,0,0,0,0,0,0,0,0,0,11197,15076,19574,13570,19175,Ioniq,45,55
Hyundai,0,0,0,0,0,0,0,0,0,0,0,0,0,0,0,0,153,Ioniq 5,-1,55
Hyundai,0,0,0,0,0,0,0,0,0,0,0,0,0,47090,73326,76253,89607,Kona,404,55
Hyundai,0,0,0,0,0,0,0,0,0,0,0,0,0,8,267,208,421,Nexo,405,55
Hyundai,0,0,0,0,0,0,0,0,0,0,0,0,0,0,28736,81905,86282,Palisade,422,55
Hyundai,0,0,0,0,0,0,0,0,0,0,0,0,0,0,0,0,9634,Santa Cruz,-1,55
Hyundai,68006,63931,92421,70994,80343,76680,74391,71016,88844,107906,118134,131257,133171,117038,127373,101513,112705,Santa Fe,401,55
Hyundai,130365,149513,145568,117357,120028,196623,225961,230605,203648,216936,213303,199416,131803,105118,87466,76997,83434,Sonata,33,55
Hyundai,20600,17382,14073,9111,8587,0,0,0,0,0,0,0,0,0,0,0,15744,Tiburon,37,55
Hyundai,61048,52067,41476,19027,15411,39594,47232,48878,41906,47306,63591,89713,114735,153792,137381,123657,140721,Tucson,402,55
Hyundai,0,0,0,0,0,0,9284,34862,30711,27598,24245,30053,12658,10871,12849,6785,1942,Veloster,42,55
Hyundai,0,0,0,0,0,0,0,0,0,0,0,0,0,0,1077,17587,20669,Venue,406,55
Hyundai,0,0,12589,11004,10210,8741,9146,8232,175,1,0,0,0,0,0,0,0,Veracruz,421,55
Infiniti,0,0,0,0,0,8312,6030,3495,0,0,0,0,0,0,0,0,0,EX,-1,58
Infiniti,0,0,305,12873,7950,0,0,0,0,0,0,0,0,0,0,0,0,EX35,40,58
Infiniti,26786,22653,20724,12660,11024,10420,9939,10424,0,0,0,0,0,0,0,0,0,FX,39,58
Infiniti,68728,60741,71809,64181,47174,58143,0,0,0,0,0,0,0,0,0,0,0,G,-1,58
Infiniti,0,0,0,0,0,0,14487,13016,0,0,0,0,0,0,0,0,0,G Coupe/Convertible,-1,58
Infiniti,0,0,0,0,0,0,43759,46828,0,0,0,0,0,0,0,0,0,G Sedan,-1,58
Infiniti,1044,2,1,0,0,0,0,0,0,0,0,0,0,0,0,0,0,I35,36,58
Infiniti,0,0,0,0,0,0,0,21674,0,0,0,0,0,0,0,0,0,JX35,402,58
Infiniti,24000,25658,21884,15618,8501,14618,10818,9130,0,0,0,0,0,0,0,0,0,M,-1,58
Infiniti,0,0,0,0,0,0,0,0,0,0,8605,59,0,0,0,0,0,Q40,45,58
Infiniti,0,0,0,0,0,0,0,0,30256,15590,0,0,0,0,0,0,0,Q40/G Sedan,-1,58
Infiniti,1129,393,23,0,0,0,0,0,0,0,0,0,0,0,0,0,0,Q45,32,58
Infiniti,0,0,0,0,0,0,0,0,17816,36899,43874,44007,40739,34763,25987,16533,13894,Q50,41,58
Infiniti,0,0,0,0,0,0,0,0,9806,7740,3949,3970,10751,8405,5043,2793,2729,Q60,42,58
Infiniti,0,0,0,0,0,0,0,0,5283,5034,8449,5872,5772,4479,2552,139,0,Q70,43,58
Infiniti,0,0,0,0,0,0,0,0,0,0,0,2259,14093,8101,3229,149,0,QX30,47,58
Infiniti,3,5,4,0,0,0,0,0,0,0,0,0,0,0,0,0,0,QX4,401,58
Infiniti,0,0,0,0,0,0,0,0,2164,2727,5468,16973,16857,25389,18616,20885,19196,QX50,44,58
Infiniti,0,0,0,0,0,0,0,0,0,0,0,0,0,0,0,0,4333,QX55,-1,58
Infiniti,14711,11694,12288,7657,6440,11918,13428,15310,0,0,0,0,0,0,0,0,0,QX56,421,58
Infiniti,0,0,0,0,0,0,0,0,31602,31192,41770,42120,40444,47370,43162,22879,5830,QX60,403,58
Infiniti,0,0,0,0,0,0,0,0,6380,5213,5737,6261,6878,0,0,0,0,QX70,404,58
Infiniti,0,0,0,0,0,0,0,0,0,0,15646,16772,17881,19207,19113,16125,12573,QX80,422,58
Infiniti,0,0,0,0,0,0,0,0,13148,12935,0,0,0,0,0,0,0,QX80/QX56,-1,58
Isuzu,7585,4857,2948,1756,68,0,0,0,0,0,0,0,0,0,0,0,0,Ascender,421,38
Isuzu,1319,124,8,0,0,0,0,0,0,0,0,0,0,0,0,0,0,Axiom,405,38
Isuzu,889,3497,4138,2998,97,0,0,0,0,0,0,0,0,0,0,0,0,i-280/i-350,-1,38
Isuzu,2373,129,4,0,0,0,0,0,0,0,0,0,0,0,0,0,0,Rodeo,402,38
Isuzu,7,0,0,0,0,0,0,0,0,0,0,0,0,0,0,0,0,Rodeo Sport,-1,38
Isuzu,4,0,0,0,0,0,0,0,0,0,0,0,0,0,0,0,0,Trooper,401,38
Jaguar,0,0,0,0,0,0,0,0,0,0,0,0,0,5985,4782,3696,2904,E-Pace,402,39
Jaguar,0,0,0,0,0,0,0,0,0,0,0,10016,18946,12997,15491,10891,9237,F-Pace,401,39
Jaguar,0,0,0,0,0,0,0,0,2250,4112,4629,4069,4108,2268,2279,1701,2112,F-Type,38,39
Jaguar,0,0,0,0,0,0,0,0,0,0,0,0,0,393,2594,1946,1415,I-Pace,403,39
Jaguar,8897,5875,3524,904,24,0,0,0,0,0,0,0,0,0,0,0,0,S-Type,34,39
Jaguar,0,0,0,0,0,0,0,0,0,0,0,6656,9278,4704,3551,1686,270,XE,39,39
Jaguar,0,0,0,8578,8487,6925,5303,5526,7922,5880,5933,6665,4541,2208,1236,748,1183,XF,37,39
Jaguar,8304,5027,4474,2452,1161,4278,5235,4852,5434,4329,3611,3834,2721,0,0,1118,28,XJ,32,39
Jaguar,2282,4567,4487,3581,2274,2137,1738,1633,1346,1452,293,3,0,0,0,0,0,XK,33,39
Jaguar,10941,5214,3198,431,9,0,0,0,0,0,0,0,0,0,0,0,0,X-Type,36,39
Jeep / Kaiser-Jeep / Willys- Jeep,0,0,0,0,0,0,0,0,25786,178508,220744,199736,169882,239437,191397,135854,89126,Cherokee,404,2
Jeep / Kaiser-Jeep / Willys- Jeep,17048,88497,63027,27694,12655,8115,0,0,0,0,0,0,0,0,0,0,0,Commander,406,2
Jeep / Kaiser-Jeep / Willys- Jeep,0,18579,39491,25349,11739,15894,47709,40235,52993,61264,71448,94061,83253,171167,143933,107968,75642,Compass,1,2
Jeep / Kaiser-Jeep / Willys- Jeep,0,0,0,0,0,0,0,0,0,0,0,0,0,0,40038,77541,89712,Gladiator,483,2
Jeep / Kaiser-Jeep / Willys- Jeep,213584,139148,120937,73678,50328,84635,127744,154734,174275,183786,196312,212273,240696,224908,242969,209786,254445,Grand Cherokee,422,2
Jeep / Kaiser-Jeep / Willys- Jeep,0,0,0,0,0,0,0,0,0,0,0,0,0,0,0,0,2676,Grand Wagoneer,431,2
Jeep / Kaiser-Jeep / Willys- Jeep,166883,133557,92105,66911,43503,49564,66684,75483,6101,0,0,0,0,0,0,0,0,Liberty,405,2
Jeep / Kaiser-Jeep / Willys- Jeep,0,0,40434,55654,31432,38620,54647,62010,75797,93462,121274,121926,10735,621,27,0,15,Patriot,407,2
Jeep / Kaiser-Jeep / Willys- Jeep,0,0,0,0,0,0,0,0,0,0,60864,106606,103434,97062,76886,62847,47138,Renegade,408,2
Jeep / Kaiser-Jeep / Willys- Jeep,0,0,0,0,0,0,0,0,0,0,0,0,0,0,0,0,5349,Wagoneer,-1,2
Jeep / Kaiser-Jeep / Willys- Jeep,79017,80271,119243,84615,82044,94310,122460,141669,155502,175328,202266,191774,190522,240032,228042,201310,204610,Wrangler,403,2
KIA,18668,9594,5522,3614,3704,281,0,0,0,0,0,0,0,0,0,0,0,Amanti,35,63
KIA,0,0,0,1869,10530,9835,0,0,0,0,0,0,0,0,0,0,0,Borrego,421,63
KIA,0,0,0,0,0,0,0,0,8626,9267,7343,4738,7249,4507,1577,1265,249,Cadenza,39,63
KIA,0,0,0,0,0,0,0,0,0,0,0,0,0,0,0,0,10530,Carnival,-1,63
KIA,0,0,0,0,26328,68500,76295,75681,66146,69336,78919,103292,117596,101890,95683,84997,113051,Forte,38,63
KIA,0,0,0,0,0,0,0,0,0,0,0,0,0,0,0,31656,77195,K5,-1,63
KIA,0,0,0,0,0,0,0,0,0,1330,2524,834,455,354,392,305,85,K900,40,63
KIA,0,0,0,0,0,0,0,0,0,0,0,0,27237,28232,24421,17434,26192,Niro,403,63
KIA,41349,38408,40901,44904,37527,27382,84590,152399,155893,159020,159414,124203,107493,101603,96050,48484,16,Optima,34,63
KIA,30290,28388,33370,36532,34666,24619,20111,40275,40742,35933,23742,28700,16760,22975,24509,23927,31362,Rio,32,63
KIA,0,594,26020,28645,14206,3588,0,0,0,0,0,0,0,0,0,0,0,Rondo,36,63
KIA,52837,57018,40493,26915,27398,21823,24047,17512,7079,14567,36755,44264,23815,17928,15843,13190,14625,Sedona,441,63
KIA,0,0,0,0,0,0,0,0,0,0,0,0,0,0,0,46280,51368,Seltos,-1,63
KIA,47610,50672,36300,29699,24460,108985,130235,119597,105649,102520,116249,114733,99684,107846,96531,74677,81785,Sorento,402,63
KIA,0,0,0,0,31621,67110,102267,115778,118079,145316,147133,145768,115712,104709,97814,71772,75126,Soul,37,63
KIA,56088,72557,73474,68465,47114,272,0,0,0,0,0,0,0,0,0,0,0,Spectra,33,63
KIA,29009,37071,49393,32754,42509,23873,47463,36357,32965,42945,53739,81066,72824,82823,88977,84343,88688,Sportage,401,63
KIA,0,0,0,0,0,0,0,0,0,0,0,0,843,16806,13884,12556,13517,Stinger,41,63
KIA,0,0,0,0,0,0,0,0,0,0,0,0,0,0,58932,75119,93705,Telluride,422,63
Land Rover,0,0,0,0,0,0,0,0,0,0,0,0,0,0,0,9100,19080,Defender,427,62
Land Rover,817,0,0,0,0,0,0,0,0,0,0,0,0,0,0,0,0,Discovery,401,62
Land Rover,0,0,0,0,0,0,0,0,0,0,0,0,6398,9842,9184,5811,4398,Discovery / LR4,-1,62
Land Rover,0,0,0,0,0,0,0,0,0,0,7611,14243,14187,12035,12337,7760,7222,Discovery Sport,405,62
Land Rover,2141,42,1,0,0,0,0,0,0,0,0,0,0,0,0,0,0,Freelander,403,62
Land Rover,0,0,9205,5618,4433,3649,2777,3113,3315,3619,77,3,0,0,0,0,0,LR2,424,62
Land Rover,19346,16930,11039,4039,3197,0,0,0,0,0,0,0,0,0,0,0,0,LR3,423,62
Land Rover,0,0,0,0,0,7122,7984,7316,7093,4679,9031,10772,0,0,0,0,0,LR4,423,62
Land Rover,13430,12044,12316,8602,8228,8746,9761,7843,12221,12830,17821,16155,16869,19030,18831,13982,17285,Range Rover,421,62
Land Rover,0,0,0,0,0,0,2244,8901,11405,12440,14583,11076,11979,9917,11529,10510,7181,Range Rover Evoque,404,62
Land Rover,10441,18757,16989,11459,10448,12347,15333,16491,15976,17897,21459,21612,19153,24282,25768,20053,21341,Range Rover Sport,-1,62
Land Rover,0,0,0,0,0,0,0,0,0,0,0,0,6153,17037,17087,12817,13271,Range Rover Velar,426,62
Lexus,0,0,0,0,0,0,14381,17673,15071,17673,14657,8903,4690,0,0,0,0,CT,38,59
Lexus,67577,75987,82867,64135,48485,48652,40873,56158,72581,72508,64969,58299,51398,48482,51336,43292,45406,ES,31,59
Lexus,33457,27390,23381,15759,7430,7059,3746,22160,19742,22198,23117,14878,7773,6604,3378,2560,76,GS,34,59
Lexus,34339,25454,23035,16424,6235,16450,11609,11039,12136,22685,25212,25148,27190,26724,25945,28519,32509,GX,402,59
Lexus,0,0,0,0,6699,10663,2864,649,5,0,0,0,0,0,0,0,0,HS250h,37,59
Lexus,15789,54267,54933,49432,38077,34129,29669,27708,35017,51358,46430,37289,26482,22927,14920,13600,21998,IS,35,59
Lexus,0,0,0,0,0,0,0,0,0,0,0,0,2487,1979,1219,1293,2782,LC,42,59
Lexus,0,0,0,0,0,0,62,46,23,17,9,6,3,0,0,3,0,LFA,39,59
Lexus,26043,19546,35226,20255,11334,12275,9568,8345,10727,8559,7165,5514,4094,9301,5528,3650,3739,LS,32,59
Lexus,8555,5595,2468,7915,3616,3983,3167,5005,4625,4052,3884,5707,6004,4753,4718,4512,26016,LX,421,59
Lexus,0,0,0,0,0,0,0,0,0,2927,43764,54884,59341,62079,58715,55784,58514,NX,405,59
Lexus,0,0,0,0,0,0,0,0,0,1922,14784,11165,7363,3358,4591,3808,2987,RC,40,59
Lexus,108775,108348,103340,84181,93379,95790,82595,95381,103920,107490,100610,109435,108307,111636,111036,101059,115320,RX,403,59
Lexus,8360,5847,3927,1986,720,328,18,2,0,0,0,0,0,0,0,0,0,SC430,36,59
Lexus,0,0,0,0,0,0,0,0,0,0,0,0,0,453,16723,16962,17581,UX,43,59
Lincoln,15873,0,0,0,0,0,0,0,0,0,0,0,0,0,8324,23080,20924,Aviator,423,13
Lincoln,0,0,0,0,0,0,0,0,0,0,0,5261,12012,8758,6587,5256,1460,Continental,17,13
Lincoln,19109,0,0,0,0,0,0,0,0,0,0,0,0,0,0,0,0,LS,12,13
Lincoln,10274,12753,8382,4631,147,0,0,0,0,0,0,0,0,0,0,0,0,Mark LT,482,13
Lincoln,0,0,0,0,0,0,0,0,0,13077,24590,25562,27048,26241,25816,26226,22790,MKC,402,13
Lincoln,0,0,0,12982,17174,14417,12217,12524,10793,8160,6877,4951,153,0,0,0,0,MKS,15,13
Lincoln,0,0,0,0,2580,7435,5024,7094,6014,4800,4696,4028,3005,2324,3388,329,0,MKT,16,13
Lincoln,0,859,37953,29076,21433,21932,23395,25107,23913,23995,22199,30967,31031,0,0,0,0,MKX,14,13
Lincoln,0,0,0,0,0,0,0,0,0,0,0,0,0,28573,31610,22743,25443,MKX/Nautilus,422,13
Lincoln,25844,23947,24050,14836,8057,8245,8018,8371,8613,10433,11964,10421,10523,17839,18656,15253,15631,Navigator,421,13
Lincoln,47122,39295,26739,15653,11375,11264,9460,1001,0,0,0,0,0,0,0,0,0,Town Car,-1,13
Lincoln,4985,33114,34363,30117,22081,22535,27529,28053,32361,34009,30901,30534,27387,19852,17726,12518,1681,Zephyr/MKZ,13,13
Mazda,0,0,0,0,0,3021,13952,19315,11757,13615,297,3,0,0,0,3256,0,2,-1,41
Mazda,97388,94437,120291,109957,96466,106353,102417,123361,104713,104985,107884,95567,75018,64638,50741,30352,41845,3,-1,41
Mazda,4761,17109,13718,22021,18488,15683,19155,14640,13884,11613,8609,375,10,0,0,0,60,5,-1,41
Mazda,71447,66203,57575,52590,34866,35662,35711,33756,43637,53224,57898,45520,33402,30938,21524,16204,18504,6,-1,41
Mazda,2,0,0,0,0,0,0,0,0,0,0,0,0,0,0,0,0,626,37,41
Mazda,5872,4086,2657,1319,573,10,0,0,0,0,0,0,0,0,0,0,0,B-Series,-1,41
Mazda,0,0,0,0,0,0,0,0,0,0,6406,18557,16355,16899,16229,8335,6374,CX-3,56,41
Mazda,0,0,0,0,0,0,0,0,0,0,0,0,0,0,899,38064,55180,CX-30,-1,41
Mazda,0,0,0,0,0,0,0,43319,79544,99122,111450,112235,127563,150622,154543,146420,163940,CX-5,403,41
Mazda,0,22325,41659,26811,20583,28788,35641,11326,0,0,0,0,0,0,0,0,0,CX-7,53,41
Mazda,0,0,25566,26100,21132,28908,34421,24442,24628,18496,18048,16051,25828,28257,26861,27638,31803,CX-9,421,41
Mazda,17634,11600,122,0,0,0,0,0,0,0,0,0,0,0,0,0,0,MPV,441,41
Mazda,0,0,0,0,0,0,0,0,0,0,0,0,0,0,0,0,61,MX-30,46,41
Mazda,9801,16897,15075,10977,7917,6370,5674,6305,5780,4745,8591,9465,11294,8971,7753,8807,10470,MX-5 Miata,45,41
Mazda,14673,9343,5767,3368,2217,1134,759,80,1,1,0,0,0,0,0,0,0,RX-8,49,41
Mazda,36761,26785,13680,10806,5525,3637,2696,502,2,0,0,0,0,0,0,0,0,Tribute,402,41
Mercedes-Benz,0,0,0,0,0,0,0,0,0,0,1277,1227,1608,0,0,0,0,AMG GT S,56,42
Mercedes-Benz,0,0,0,0,0,0,0,0,0,0,0,0,0,0,15944,15333,8108,A-Class,58,42
Mercedes-Benz,0,0,0,0,0,0,0,0,0,0,0,0,0,1525,4048,3303,3109,AMG GT,-1,42
Mercedes-Benz,0,0,0,0,0,1,19,29,20,776,1906,632,744,0,0,0,0,B-Class,53,42
Mercedes-Benz,60658,50187,63701,72471,52427,58785,69314,81697,88251,75065,86080,77167,77447,54829,48875,25119,30816,C-Class,42,42
Mercedes-Benz,0,0,0,0,0,0,0,0,14113,27365,29643,25792,20669,26269,13212,11644,6823,CLA-Class,54,42
Mercedes-Benz,1320,1312,3672,2733,1220,1035,943,723,476,221,52,0,0,0,0,0,0,CL-Class,46,42
Mercedes-Benz,18227,16415,15009,10844,7150,585,6,1,0,3,0,0,0,0,0,0,0,CLK,47,42
Mercedes-Benz,14835,10763,7906,5775,2527,2135,5665,8065,8032,6981,0,0,0,0,0,0,0,CLS-Class,51,42
Mercedes-Benz,0,0,0,0,0,0,0,0,0,0,0,0,51312,46424,39858,27102,20946,E / CLS-Class,-1,42
Mercedes-Benz,50383,50195,48950,38576,43072,60922,62736,65171,69803,66400,0,0,0,0,0,0,0,E-Class,48,42
Mercedes-Benz,0,0,0,0,0,0,0,0,0,0,55888,50896,0,0,0,0,0,E-Class/CLS-Class,-1,42
Mercedes-Benz,0,0,0,0,0,0,0,0,0,0,0,0,0,0,0,0,443,EQS-Sedan,-1,42
Mercedes-Benz,1334,587,1152,931,662,919,1191,1330,2494,3090,3616,3950,4188,3593,6092,7723,8521,G-Class,402,42
Mercedes-Benz,0,0,0,0,0,0,0,0,0,0,0,0,0,21973,22615,22172,24465,GL/GLS-Class,-1,42
Mercedes-Benz,0,0,0,0,0,0,0,0,0,6884,25593,24545,24104,24136,21514,25348,14323,GLA-Class,55,42
Mercedes-Benz,0,0,0,0,0,0,0,0,0,0,0,0,0,0,1173,23185,26676,GLB,406,42
Mercedes-Benz,0,0,0,0,0,0,0,0,0,0,0,0,0,69729,72439,52626,51805,GLC/GLK-Class,-1,42
Mercedes-Benz,0,0,0,0,0,0,0,0,0,0,0,0,48643,0,0,0,0,GLC-Class,405,42
Mercedes-Benz,0,0,0,0,0,0,0,0,0,0,27902,47872,0,0,0,0,0,GLC-Class & GLK-Class,-1,42
Mercedes-Benz,0,18776,26396,23328,15012,19943,25139,26042,29912,26597,0,0,0,0,0,0,0,GL-Class,421,42
Mercedes-Benz,0,0,0,0,0,0,0,0,0,0,0,0,54595,46010,48664,48153,65073,GLE-Class,423,42
Mercedes-Benz,0,0,0,0,0,0,0,0,0,0,53217,51791,0,0,0,0,0,GLE-Class & M-Class,-1,42
Mercedes-Benz,0,0,0,0,21944,20946,24310,29364,32553,35000,0,0,0,0,0,0,0,GLK-Class,403,42
Mercedes-Benz,0,0,0,0,0,0,0,0,0,0,27707,30442,32248,0,0,0,0,GLS-Class GL-Class,422,42
Mercedes-Benz,34959,31632,33879,34320,25799,29698,35835,38101,41326,46726,0,0,0,0,0,0,0,M-Class,401,42
Mercedes-Benz,0,0,0,0,0,0,0,0,0,0,0,0,7579,7800,11718,12994,13054,Metris,462,42
Mercedes-Benz,4959,18168,13031,7733,2825,2937,2385,1473,30,8,0,0,0,0,0,0,0,R-Class,50,42
Mercedes-Benz,16036,30886,26081,17787,11199,13608,12258,11794,13303,25276,21936,18803,15888,14978,12503,8589,14284,S-Class,43,42
Mercedes-Benz,0,0,0,0,0,0,0,0,0,0,0,0,2860,1993,1916,2121,225,SLC-Class,57,42
Mercedes-Benz,10080,8462,6126,5464,4025,2385,1449,4899,7007,5030,4060,3722,2940,2126,1791,1783,460,SL-Class,44,42
Mercedes-Benz,11278,10410,7270,4941,2566,1980,3220,4595,4757,4737,0,0,0,0,0,0,0,SLK-Class,45,42
Mercedes-Benz,0,0,0,0,0,0,0,0,0,0,4182,3397,0,0,0,0,0,SLK-Class/SLC-Class,-1,42
Mercedes-Benz,200,141,104,0,0,0,0,0,0,0,0,0,0,0,0,0,0,SLR McLaren,49,42
Mercedes-Benz,0,0,0,0,0,499,722,800,451,232,29,1,0,0,0,0,0,SLS AMG,52,42
Mercedes-Benz,0,0,0,0,0,0,0,0,21816,25745,0,0,27415,27564,29757,37513,40534,Sprinter,461,42
Mercedes-Benz,0,0,0,0,0,0,0,0,0,0,29889,34304,0,0,0,0,0,Sprinter/Metris,-1,42
Mercury,64716,54688,50664,29766,24783,28543,0,0,0,0,0,0,0,0,0,0,0,Grand Marquis,-1,14
Mercury,34099,33941,34844,32306,28688,29912,0,0,0,0,0,0,0,0,0,0,0,Mariner,402,14
Mercury,5321,35853,37244,31393,27403,28912,0,0,0,0,0,0,0,0,0,0,0,Milan,21,14
Mercury,27007,22332,10755,0,0,0,0,0,0,0,0,0,0,0,0,0,0,Montego,20,14
Mercury,8166,4467,700,0,0,0,0,0,0,0,0,0,0,0,0,0,0,Monterey,6,14
Mercury,32491,29567,23849,10596,5169,5791,0,0,0,0,0,0,0,0,0,0,0,Mountaineer,401,14
Mercury,24149,0,10366,16187,6256,37,0,0,0,0,0,0,0,0,0,0,0,Sable,17,14
Mini Countryman,0,0,0,0,0,0,16683,21012,21325,22645,16686,12706,14864,17565,14042,9363,12198,Mini Countryman,-1,-1
Mini Paceman,0,0,0,0,0,0,0,0,3262,2082,1708,85,9,0,0,0,0,Mini Paceman,-1,-1
Mitsubishi,160,0,0,0,0,0,0,0,0,0,0,0,0,0,0,0,0,Diamante,40,52
Mitsubishi,24487,33003,27292,20107,6672,4282,4455,712,109,0,0,0,0,0,0,0,0,Eclipse,37,52
Mitsubishi,0,0,0,0,0,0,0,0,0,0,0,0,0,9485,19661,10319,8946,Eclipse Cross,403,52
Mitsubishi,0,0,0,0,0,0,3091,461,0,0,0,0,0,0,0,0,0,Eclipse Spyder,-1,52
Mitsubishi,20994,14017,11886,5938,3228,4294,9658,501,24,0,0,0,0,0,0,0,0,Endeavor,402,52
Mitsubishi,33976,27673,26491,26941,11740,11492,15631,13261,1441,122,0,0,0,0,0,0,0,Galant,34,52
Mitsubishi,0,0,0,0,0,0,80,588,1029,196,115,94,6,0,0,0,0,i-MiEV,41,52
Mitsubishi,27849,23167,31376,27861,20117,21416,19874,16426,19451,16495,17691,14304,12725,0,0,0,0,Lancer,46,52
Mitsubishi,0,0,0,0,0,0,0,0,2935,16708,21515,22226,22386,24316,26966,19135,22743,Mirage,48,52
Mitsubishi,2778,1609,401,4,2,0,0,0,0,0,0,0,0,0,0,0,0,Montero,401,52
Mitsubishi,758,0,0,0,0,0,0,0,0,0,0,0,0,0,0,0,0,Montero Sport,-1,52
Mitsubishi,11848,11493,23285,13471,10283,12500,9788,7750,12287,13068,19055,26576,35310,37952,37965,27133,33883,Outlander,404,52
Mitsubishi,0,0,0,0,0,0,0,0,0,0,0,0,99,3866,2810,1964,2249,Outlander PHEV,-1,52
Mitsubishi,0,0,0,0,0,1690,16443,18091,24951,31054,36966,33067,33160,36867,26144,28835,34214,Outlander Sport,-1,52
Mitsubishi,1145,7595,8262,2935,1944,9,0,0,0,0,0,0,0,0,0,0,0,Raider,472,52
Nissan/Datsun,27278,24635,18957,0,0,0,0,0,0,0,0,0,0,0,0,0,0,350Z,-1,35
Nissan/Datsun,0,0,0,10337,13117,10215,0,0,0,0,0,0,0,0,0,0,0,350Z/370Z,48,35
Nissan/Datsun,0,0,0,0,0,0,7328,7338,6561,7199,7391,5913,4614,3468,2384,1955,37,370Z,-1,35
Nissan/Datsun,255371,232457,284762,269668,203568,229263,268981,302934,320723,335644,333398,307380,254996,209146,209183,137988,103776,Altima,47,35
Nissan/Datsun,39508,32864,31632,15685,9903,19344,18331,18072,14383,12593,12737,14035,35667,32650,32044,19638,22815,Armada,-1,35
Nissan/Datsun,0,0,0,0,21471,22968,14459,7667,5461,3785,943,15,0,0,0,0,0,Cube,52,35
Nissan/Datsun,72838,77510,64397,44997,28415,40427,51700,55435,62837,74323,62817,86926,74360,79646,72369,54817,60697,Frontier,472,35
Nissan/Datsun,0,0,0,1730,1534,877,1294,1188,1236,1436,1105,698,578,538,331,303,228,GT-R,53,35
Nissan/Datsun,0,0,0,0,0,8639,35886,36358,38157,38184,27121,19577,10157,0,0,0,0,Juke,403,35
Nissan/Datsun,0,0,0,0,0,0,0,0,0,0,0,0,0,23312,58193,58858,82960,Kicks,56,35
Nissan/Datsun,0,0,0,0,0,19,9674,9819,22610,30200,17269,14006,11230,14715,12365,9559,14237,Leaf,55,35
Nissan/Datsun,75425,69763,52574,47072,53351,60569,58737,59349,53896,50401,40359,62670,67627,42337,35076,18141,16386,Maxima,-1,35
Nissan/Datsun,74454,81362,76358,71401,52546,53999,53626,51675,44684,47301,62907,86953,76732,83547,68361,58256,46115,Murano,422,35
Nissan/Datsun,0,0,0,0,0,0,0,0,12589,14890,16958,17873,17858,16902,20022,15248,11374,NV,461,35
Nissan/Datsun,0,0,0,0,0,0,0,0,4619,13385,17317,18523,18602,18628,18768,17126,17359,NV200,446,35
Nissan/Datsun,76156,73124,63056,33555,18341,21438,25935,42621,88632,79111,82041,81701,81065,67550,65691,48579,41324,Pathfinder,401,35
Nissan/Datsun,40357,31905,28590,18252,8437,177,12199,18275,12874,9833,11018,11115,4950,0,0,0,0,Quest,443,35
Nissan/Datsun,0,0,17808,73053,77222,99515,124543,142349,162751,199199,287190,329904,403465,412110,350447,227936,285601,Rogue,404,35
Nissan/Datsun,119489,117922,106522,99797,82706,94065,114991,106395,129143,183268,203509,214709,218451,213046,184618,94645,127862,Sentra,43,35
Nissan/Datsun,86945,72192,65746,34053,19042,23416,21994,21576,15691,12527,12140,21880,52924,50459,31514,26441,27406,Titan,481,35
Nissan/Datsun,0,22044,79443,85182,82906,99705,99730,113327,117352,139781,144528,132214,106772,75809,66596,48272,60913,Versa,50,35
Nissan/Datsun,72447,62325,51355,33579,16455,20523,18221,17222,17766,16505,10672,38,1,0,0,0,0,Xterra,402,35
Oldsmobile,1382,0,0,0,0,0,0,0,0,0,0,0,0,0,0,0,0,Alero,21,21
Oldsmobile,18,0,0,0,0,0,0,0,0,0,0,0,0,0,0,0,0,Aurora,22,21
Oldsmobile,327,0,0,0,0,0,0,0,0,0,0,0,0,0,0,0,0,Bravada,401,21
Oldsmobile,139,0,0,0,0,0,0,0,0,0,0,0,0,0,0,0,0,Silhouette,441,21
Pontiac,5020,347,25,0,0,0,0,0,0,0,0,0,0,0,0,0,0,Aztek,401,22
Pontiac,10037,1160,130,0,0,0,0,0,0,0,0,0,0,0,0,0,0,Bonneville,2,22
Pontiac,0,0,0,0,6223,14,0,0,0,0,0,0,0,0,0,0,0,G3,25,22
Pontiac,0,7902,27928,25439,12362,87,0,0,0,0,0,0,0,0,0,0,0,G5,19,22
Pontiac,124844,157644,150001,140240,87171,479,0,0,0,0,0,0,0,0,0,0,0,G6,22,22
Pontiac,0,0,0,15002,23157,274,0,0,0,0,0,0,0,0,0,0,0,G8,24,22
Pontiac,31613,828,99,0,0,0,0,0,0,0,0,0,0,0,0,0,0,Grand Am,18,22
Pontiac,122398,108634,87622,8636,265,7,0,0,0,0,0,0,0,0,0,0,0,Grand Prix,20,22
Pontiac,11590,11268,4200,0,0,0,0,0,0,0,0,0,0,0,0,0,0,GTO,8,22
Pontiac,3732,388,26,0,0,0,0,0,0,0,0,0,0,0,0,0,0,Montana,-1,22
Pontiac,23439,13100,1359,0,0,0,0,0,0,0,0,0,0,0,0,0,0,Montana SV6,-1,22
Pontiac,5445,19710,16779,10739,5642,157,0,0,0,0,0,0,0,0,0,0,0,Solstice,23,22
Pontiac,25114,853,39,0,0,0,0,0,0,0,0,0,0,0,0,0,0,Sunfire,16,22
Pontiac,0,43174,32644,20625,9638,0,0,0,0,0,0,0,0,0,0,0,0,Torrent,403,22
Pontiac,64271,45221,37170,46551,33842,97,0,0,0,0,0,0,0,0,0,0,0,Vibe,32,22
Porsche,0,0,0,0,0,0,0,0,0,0,0,0,0,5276,3880,3447,4656,718,44,45
Porsche,10107,12045,12493,8324,6839,5737,6016,8528,10442,10433,9898,8901,8970,9783,9265,8839,9167,911,31,45
Porsche,0,0,0,0,0,0,0,0,0,96,203,1,0,0,0,0,0,918 Spyder,43,45
Porsche,7879,4503,3622,2982,1909,2177,1773,2894,4570,3875,3102,2670,2287,0,0,0,0,Boxster,40,45
Porsche,340,85,4,0,0,0,0,0,0,0,0,0,0,0,0,0,0,Carrera GT,-1,45
Porsche,13607,10569,12547,11216,7735,8343,12978,15545,18507,16205,16473,15383,13203,11106,19001,18092,21048,Cayenne,421,45
Porsche,0,7025,6027,3513,1966,1322,1377,462,3383,3417,3561,3590,2800,0,0,0,0,Cayman,41,45
Porsche,0,0,0,0,0,0,0,0,0,7241,13533,19332,21429,22954,22667,18633,22002,Macan,401,45
Porsche,0,0,0,0,1247,7741,6879,7614,5421,5740,4986,4403,6431,8114,6625,3871,3555,Panamera,42,45
Porsche,0,0,0,0,0,0,0,0,0,0,0,0,0,0,130,4404,8747,Taycan,45,45
Saab,5940,1435,118,0,0,0,0,0,0,0,0,0,0,0,0,0,0,9-2X,37,47
Saab,24108,24134,22979,15167,5428,4533,0,0,0,0,0,0,0,0,0,0,0,3-Sep,-1,47
Saab,6023,4991,4357,2538,1034,811,0,0,0,0,0,0,0,0,0,0,0,5-Sep,-1,47
Saab,2272,5789,5257,3660,2218,102,0,0,0,0,0,0,0,0,0,0,0,9-7X,401,47
Saturn,0,0,0,11968,6298,25,0,0,0,0,0,0,0,0,0,0,0,Astra,11,24
Saturn,0,19746,59964,59380,21395,644,0,0,0,0,0,0,0,0,0,0,0,Aura,9,24
Saturn,100891,102042,47873,315,12,0,0,0,0,0,0,0,0,0,0,0,0,Ion,7,24
Saturn,5036,20,2,0,0,0,0,0,0,0,0,0,0,0,0,0,0,L-Series,-1,24
Saturn,0,144,34748,25340,13115,2649,0,0,0,0,0,0,0,0,0,0,0,Outlook,10,24
Saturn,15758,7171,1474,0,0,0,0,0,0,0,0,0,0,0,0,0,0,Relay,441,24
Saturn,0,8671,11263,9162,3399,179,0,0,0,0,0,0,0,0,0,0,0,Sky,8,24
Saturn,0,88581,84767,81676,28429,3201,0,0,0,0,0,0,0,0,0,0,0,Vue,401,24
Scion,0,0,0,0,0,0,0,11417,18327,14062,0,0,0,0,0,0,0,FR-S,35,67
Scion,0,0,0,0,0,0,248,8879,4046,2040,482,6,0,0,0,0,0,iQ,34,67
Scion,74415,79125,63852,40980,17998,15204,22433,22666,19094,17947,16459,9336,0,0,0,0,0,tC,32,67
Scion,28033,32603,9547,39,3,0,0,0,0,0,0,0,0,0,0,0,0,xA,-1,67
Scion,54037,61306,45834,45220,25461,20364,17017,19787,17849,16583,15223,2677,0,0,0,0,0,xB,31,67
Scion,0,0,10948,27665,14499,10110,9573,10756,9005,7377,794,9,0,0,0,0,0,xD,33,67
Smart,0,0,0,24622,14595,5927,5208,10009,9264,10453,7484,6211,3071,0,0,0,0,Fortwo,31,65
Subaru,0,0,0,0,0,0,0,0,0,0,0,0,0,36211,81958,67623,74650,Ascent,421,48
Subaru,14797,0,0,0,0,0,0,0,0,0,0,0,0,0,0,0,0,B9 Tribeca,402,48
Subaru,6239,5241,1127,0,0,0,0,0,0,0,0,0,0,0,0,0,0,Baja,44,48
Subaru,0,0,0,0,0,0,0,4144,8587,7504,5296,4141,4131,3834,2334,2267,2320,BRZ,46,48
Subaru,0,0,0,0,0,0,0,0,0,0,88927,95677,110138,144384,131152,119716,127466,Crosstrek,-1,48
Subaru,53541,51258,44530,60748,77781,85080,76196,76347,123592,159953,175192,178593,177563,171613,180179,176996,154723,Forester,401,48
Subaru,33637,41148,46333,49098,46611,44395,27391,68175,58856,57996,66785,55238,117401,76400,66415,43628,34791,Impreza,38,48
Subaru,0,0,0,0,0,0,13805,13624,0,0,0,0,0,28730,21838,21178,27141,Impreza WRX,-1,48
Subaru,0,0,0,0,0,0,0,0,17969,25492,33734,33279,0,0,0,0,0,Impreza WRX/Sti,-1,48
Subaru,0,0,0,66876,30974,38725,42401,47127,42291,52270,60447,65306,49837,40109,35063,27240,22766,Legacy,34,48
Subaru,87788,84442,78428,0,0,0,0,0,0,0,0,0,0,0,0,0,0,Legacy/Outback,-1,48
Subaru,0,0,0,0,55356,93148,104405,117553,118049,138790,152294,182898,188886,178854,181178,153290,154623,Outback,45,48
Subaru,0,18614,16790,10975,5930,2472,2791,2075,1598,732,0,0,0,0,0,0,0,Tribeca,-1,48
Subaru,0,0,0,0,0,0,0,7396,53741,70956,0,0,0,0,0,0,0,XV Crosstrek,403,48
Suzuki,7967,12221,16740,29563,20713,11606,0,0,0,0,0,0,0,0,0,0,0,Aerio/SX4,33,53
Suzuki,0,0,0,13,2221,1447,2127,1966,448,0,0,0,0,0,0,0,0,Equator,481,53
Suzuki,41394,48579,42113,20796,3769,12,1,1,0,0,0,0,0,0,0,0,0,Forenza/Reno,34,53
Suzuki,8624,26931,19538,11936,7557,4478,4980,4954,1037,0,0,0,0,0,0,0,0,Grand Vitara,404,53
Suzuki,0,0,0,0,71,6138,6942,5566,1602,0,0,0,0,0,0,0,0,Kizashi,41,53
Suzuki,0,0,0,0,0,0,12519,12860,2859,0,0,0,0,0,0,0,0,SX4,40,53
Suzuki,8411,2302,315,0,0,0,0,0,0,0,0,0,0,0,0,0,0,Verona,35,53
Suzuki,233,8,2,0,0,0,0,0,0,0,0,0,0,0,0,0,0,Vitara,-1,53
Suzuki,15472,10948,23176,22551,4357,313,48,10,0,0,0,0,0,0,0,0,0,XL7,405,53
Toyota,103829,103086,87718,47878,19675,46531,44316,48755,51625,76906,97034,111970,128296,139694,131864,129052,144696,4Runner,401,49
Toyota,0,0,0,0,0,0,0,0,0,0,0,0,0,4133,3398,2476,1044,86 / FR-S,56,49
Scion,0,0,0,0,0,0,0,0,0,0,10507,7457,6846,0,0,0,0,Toyota 86/FR-S,56,49
Toyota,95318,88938,72945,42790,26935,28390,28925,29556,70990,67183,60065,48080,32583,33580,27767,18421,18280,Avalon,43,49
Toyota,431703,448445,473108,436617,356824,327804,308510,404886,408484,428606,429355,388618,387081,343439,336978,294348,313795,Camry,40,49
Toyota,3113,0,0,0,0,0,0,0,0,0,0,0,0,0,0,0,0,Celica,33,49
Toyota,0,0,0,0,0,0,0,0,0,0,0,0,25755,49642,48930,42936,35707,C-HR,405,49
Toyota,0,0,0,0,0,0,0,0,0,0,363332,360483,329196,303732,304850,237179,223215,Corolla,32,49
Toyota,0,0,0,0,0,0,0,0,0,0,0,0,0,0,0,0,7203,Corolla Cross,-1,49
Toyota,0,0,0,0,0,0,0,0,0,0,5099,17727,0,0,0,0,0,Corolla iM,-1,49
Toyota,341290,387388,371390,351007,296874,266082,240259,290947,302180,339498,0,0,0,0,0,0,0,Corolla/Matrix,-1,49
Toyota,1544,27,7,0,0,0,0,0,0,0,0,0,0,0,0,0,0,Echo,45,49
Toyota,0,56225,55170,28668,11941,14959,13541,13656,13131,14718,229,9,4,0,0,0,1,FJ Cruiser,404,49
Toyota,0,0,0,0,0,0,0,0,0,0,0,0,0,0,0,0,109,GR86,-1,49
Toyota,137409,129794,127878,104661,83118,92121,101252,121055,127572,146127,158917,191379,215775,244511,239437,212276,264128,Highlander,403,49
Toyota,4870,3376,3251,3801,2261,1807,1662,2895,3082,3158,2687,3705,3100,3235,3536,3146,3711,Land Cruiser,421,49
Toyota,0,0,0,0,0,0,0,0,0,0,72,1034,1838,1689,1502,499,2629,Mirai,55,49
Toyota,780,0,0,0,0,0,0,0,0,0,0,0,0,0,0,0,0,MR2 Spyder,41,49
Toyota,107897,106971,181221,158884,139682,140928,0,0,0,0,113829,98866,108662,87590,69718,43525,59010,Prius,46,49
Toyota,0,0,0,0,0,0,0,35733,41979,40570,38484,20452,0,0,0,0,0,Prius C,46,49
Toyota,0,0,0,0,0,0,128064,147507,0,0,0,0,0,0,0,0,0,Prius Liftback,46,49
Toyota,0,0,0,0,0,0,0,12750,12088,13264,0,0,0,0,0,0,0,Prius Plug-In,46,49
Toyota,0,0,0,0,0,0,0,0,0,0,4191,2474,0,0,0,0,0,Prius Prime,46,49
Toyota,0,0,0,0,0,0,0,0,145172,122776,0,0,0,0,0,0,0,Prius Sedan,46,49
Toyota,0,0,0,0,0,0,8399,40669,34989,30762,28290,14840,0,0,0,0,0,Prius V,46,49
Toyota,70518,152047,172752,137020,149088,170877,132237,171877,218249,267698,315412,352154,407594,427168,448068,430387,407739,RAV4,402,49
Toyota,45904,34315,23273,30693,16387,13848,13022,13151,13811,11806,12583,12771,12156,11121,10289,7364,8070,Sequoia,422,49
Toyota,161380,163269,138162,115944,84064,98337,111429,114725,121117,124502,137497,127791,111489,87672,73585,42885,14782,Sienna,442,49
Toyota,0,0,0,0,0,0,0,0,0,0,0,0,0,0,2884,5887,6830,Supra,34,49
Toyota,168831,178351,173238,144655,111824,106198,110705,141365,159485,155041,179562,191631,198124,245659,248801,238805,252490,Tacoma,472,49
Toyota,126529,124508,196555,137249,79385,93309,82908,101621,112732,118493,118880,115489,116285,118258,111673,109203,81959,Tundra,482,49
Toyota,0,0,0,1474,54410,47321,38904,43095,35846,29991,21351,589,14,0,0,13073,61718,Venza,53,49
Toyota,0,70308,84799,102328,63743,40076,32704,30590,21342,13274,0,0,44380,27209,21916,6436,205,Yaris,51,49
Toyota,0,0,0,0,0,0,0,0,0,0,16779,10872,0,0,0,0,0,Yaris Hatchback,-1,49
Toyota,0,0,0,0,0,0,0,0,0,0,7605,27983,0,0,0,0,0,Yaris iA,-1,49
Volkswagen,0,0,0,0,0,0,0,0,0,0,0,0,0,0,2449,3998,5537,Arteon,53,30
Volkswagen,0,0,0,0,0,0,0,0,0,0,0,0,27119,59677,81508,83201,72383,Atlas,403,30
Volkswagen,0,0,0,0,0,0,0,0,0,0,0,0,0,0,0,15147,44304,Atlas Sport,-1,30
Volkswagen,0,0,0,0,0,0,5626,28654,0,0,0,0,15166,14411,17215,4421,0,Beetle,32,30
Volkswagen,0,0,0,0,0,0,842,520,18050,11768,9642,5837,0,0,0,0,0,Beetle Convertible,-1,30
Volkswagen,0,0,0,0,0,0,0,0,25084,17414,13025,9830,0,0,0,0,0,Beetle Coupe,-1,30
Volkswagen,0,0,0,2105,23872,27987,29502,21646,15672,9995,6276,3237,1355,455,58,17,0,CC,52,30
Volkswagen,0,0,0,0,0,0,0,0,0,357,4232,3937,0,0,0,0,0,e-Golf,-1,30
Volkswagen,0,3394,12744,12837,7204,6690,7533,6214,4178,3411,2993,387,1,0,0,0,0,Eos,51,30
Volkswagen,15690,17089,16399,15338,8071,0,17839,20677,16023,15941,19257,13764,68978,42271,37393,22495,6537,Golf,42,30
Volkswagen,0,0,0,0,0,0,16867,16314,13310,17362,23669,23934,0,0,0,0,0,Golf GTI,-1,30
Volkswagen,0,0,0,0,0,0,0,3894,1598,15,4141,4493,0,0,0,0,0,Golf R,-1,30
Volkswagen,0,0,0,0,0,0,0,0,0,0,14009,15559,0,0,0,0,0,Golf SportWagen/Alltrack,-1,30
Volkswagen,0,0,0,35408,15752,28286,0,0,0,0,0,0,0,0,0,0,0,Golf/Rabbit,-1,30
Volkswagen,0,0,0,0,0,0,0,0,0,0,0,0,0,0,0,474,16745,ID.4,-1,30
Volkswagen,104063,103331,98951,97461,108427,123213,0,0,0,0,0,0,115807,90794,100453,90829,55113,Jetta,40,30
Volkswagen,0,0,0,0,0,0,150515,146478,141259,141354,128438,121102,0,0,0,0,0,Jetta Sedan,-1,30
Volkswagen,0,0,0,0,0,0,26845,23946,22534,19519,2671,5,0,0,0,0,0,Jetta SportWagen,-1,30
Volkswagen,36339,35110,31021,26477,14085,16537,0,0,0,0,0,0,0,0,0,0,0,New Beetle,47,30
Volkswagen,49233,54208,37183,30034,11138,12497,0,0,109652,96649,78207,73002,60722,41401,14123,24597,24398,Passat,46,30
Volkswagen,0,0,0,0,0,0,22779,117023,0,0,0,0,0,0,0,0,0,Passat Sedan,-1,30
Volkswagen,0,0,0,0,0,0,56,0,0,0,0,0,0,0,0,0,0,Passat Wagon,-1,30
Volkswagen,820,235,17,0,0,0,0,0,0,0,0,0,0,0,0,0,0,Phaeton,48,30
Volkswagen,0,11610,25445,20070,7681,0,0,0,0,0,0,0,0,0,0,0,0,Rabbit ,36,30
Volkswagen,0,0,0,3387,14681,15961,12473,10483,2109,1103,0,0,0,0,0,0,0,Routan,443,30
Volkswagen,0,0,0,0,0,0,0,0,0,0,0,0,0,0,0,0,31703,Taos,-1,30
Volkswagen,0,0,0,8664,13903,20946,25990,31731,30002,25121,35843,43638,46983,103022,109963,110502,109742,Tiguan,402,30
Volkswagen,18050,10163,8812,6755,4392,4713,7535,10553,8233,6961,7037,4223,3545,2022,160,3,0,Touareg,421,30
Volvo,0,0,0,0,0,0,0,0,0,0,0,0,0,0,0,1099,0,40 Series,46,51
Volvo,0,0,0,0,0,0,0,0,0,0,0,0,0,12176,20190,15729,14846,60-Series,47,51
Volvo,0,0,0,0,0,0,0,0,0,0,0,0,0,9892,4052,3195,1495,90-Series,44,51
Volvo,0,0,2090,4299,4267,3906,3471,2827,1361,66,0,0,0,0,0,0,0,C30,49,51
Volvo,0,0,0,0,0,0,0,0,0,0,0,0,0,0,0,0,42,C40,46,51
Volvo,1442,3952,4548,5563,5170,4368,4933,4441,3234,779,7,0,0,0,0,0,0,C70,43,51
Volvo,24241,24566,18141,9687,7957,5623,2984,51,0,0,0,0,0,0,0,0,0,S40,46,51
Volvo,24695,25753,18511,8966,5895,1437,21282,23356,23210,20457,16706,14218,16825,0,0,0,0,S60,47,51
Volvo,0,0,0,0,0,0,0,0,0,0,287,571,0,0,0,0,0,S60 CC,-1,51
Volvo,10181,5469,12347,11038,8331,7224,4735,3277,1935,1753,1887,644,7,0,0,0,0,S80,45,51
Volvo,0,0,0,0,0,0,0,0,0,0,0,2756,11090,0,0,0,0,S90,53,51
Volvo,5671,4138,2850,1856,2155,1720,0,0,0,0,0,0,0,0,0,0,0,V50,48,51
Volvo,0,0,0,0,0,0,0,0,0,4990,4362,3407,0,0,0,0,0,V60,51,51
Volvo,0,0,0,0,0,0,0,0,0,0,2769,2725,0,0,0,0,0,V60 CC,-1,51
Volvo,7394,5604,3769,3224,1816,895,0,0,0,0,0,0,0,0,0,0,0,V70,43,51
Volvo,0,0,0,0,0,0,0,0,0,0,0,0,0,12420,17647,23778,26802,XC40,403,51
Volvo,0,0,0,0,9262,12030,12932,19139,19766,19276,26134,20452,22516,32689,30578,32078,41582,XC60,404,51
Volvo,13998,13136,12630,9490,5825,6626,5716,5513,4882,5093,5118,5425,0,0,0,0,0,XC70,402,51
Volvo,35976,33200,31336,18980,10757,10119,10609,9513,6845,3952,12777,32526,30996,31609,35760,34251,38657,XC90,401,51
