Make,2005,2006,2007,2008,2009,2010,2011,2012,2013,2014,2015,2016,2017,2018,2019,2020,2021,Model
Acura,1.0,0.0,0.0,0.0,0.0,0.0,0.0,0.0,0,0.0,0.0,0.0,0.0,0.0,0.0,0.0,0.0,CL
Acura,0.0,0.0,0.0,0.0,0.0,0.0,0.0,11279.0,20430,17854.0,18531.0,14597.0,11757.0,11273.0,14685.0,13414.0,13900.0,ILX
Acura,0.0,0.0,0.0,0.0,0.0,0.0,0.0,972.0,0,0.0,0.0,0.0,0.0,0.0,0.0,0.0,0.0,ILX Hybrid
Acura,57948.0,54121.0,58606.0,45377.0,31178.0,47210.0,43271.0,50854.0,53040,65603.0,58208.0,55495.0,54886.0,51512.0,52019.0,47816.0,60057.0,MDX
Acura,206.0,58.0,2.0,0.0,0.0,0.0,0.0,0.0,0,0.0,0.0,269.0,581.0,170.0,238.0,128.0,124.0,NSX
Acura,0.0,9164.0,23356.0,15845.0,10153.0,14975.0,15196.0,29520.0,44750,44865.0,51026.0,52361.0,51295.0,63580.0,62876.0,52785.0,57013.0,RDX
Acura,17572.0,11501.0,6262.0,4517.0,2043.0,2037.0,1096.0,379.0,0,0.0,0.0,0.0,0.0,0.0,0.0,0.0,0.0,RL
Acura,0.0,0.0,0.0,0.0,0.0,0.0,0.0,0.0,0,0.0,2195.0,1478.0,1237.0,1931.0,1019.0,1054.0,214.0,RLX
Acura,0.0,0.0,0.0,0.0,0.0,0.0,0.0,0.0,5053,3413.0,0.0,0.0,0.0,0.0,0.0,0.0,0.0,RL/RXL
Acura,20809.0,16996.0,296.0,0.0,0.0,0.0,0.0,0.0,0,0.0,0.0,0.0,0.0,0.0,0.0,0.0,0.0,RSX
Acura,78218.0,71348.0,58545.0,46766.0,33620.0,34049.0,31237.0,33572.0,24318,10616.0,88.0,0.0,0.0,0.0,0.0,0.0,0.0,TL
Acura,0.0,0.0,0.0,0.0,0.0,0.0,0.0,0.0,0,19127.0,47080.0,37156.0,34846.0,30468.0,26548.0,21785.0,26100.0,TLX
Acura,34856.0,38035.0,33037.0,31998.0,28650.0,32076.0,0.0,0.0,0,0.0,35.0,4.0,0.0,0.0,0.0,0.0,0.0,TSX
Acura,0.0,0.0,0.0,0.0,0.0,0.0,27725.0,24631.0,15508,5647.0,0.0,0.0,0.0,0.0,0.0,0.0,0.0,TSX Sedan
Acura,0.0,0.0,0.0,0.0,0.0,0.0,3210.0,4234.0,1976,640.0,0.0,0.0,0.0,0.0,0.0,0.0,0.0,TSX Sport Wagon
Acura,0.0,0.0,0.0,0.0,79.0,3259.0,1564.0,775.0,361,78.0,2.0,0.0,0.0,0.0,0.0,0.0,0.0,ZDX
Alfa Romeo,0.0,0.0,0.0,0.0,0.0,0.0,0.0,0.0,0,91.0,659.0,480.0,407.0,238.0,145.0,99.0,78.0,4C
Alfa Romeo,0.0,0.0,0.0,0.0,0.0,0.0,0.0,0.0,0,0.0,0.0,36.0,8903.0,11519.0,8705.0,8204.0,7635.0,Giulia
Alfa Romeo,0.0,0.0,0.0,0.0,0.0,0.0,0.0,0.0,0,0.0,0.0,0.0,2721.0,12043.0,9444.0,10282.0,10539.0,Stelvio
Audi,5389.0,8040.0,6353.0,4759.0,3874.0,6558.0,6561.0,7205.0,857,22250.0,35984.0,31538.0,20733.0,18305.0,10418.0,9938.0,2387.0,A3
Audi,0.0,0.0,0.0,0.0,0.0,0.0,0.0,0.0,0,0.0,0.0,0.0,2877.0,0.0,0.0,0.0,0.0,A3 e-tron
Audi,48922.0,49862.0,45411.0,43343.0,37070.0,34672.0,0.0,0.0,0,0.0,0.0,0.0,37674.0,34311.0,26435.0,18342.0,16263.0,A4
Audi,0.0,0.0,0.0,0.0,0.0,0.0,0.0,3115.0,5386,4686.0,2818.0,2300.0,0.0,0.0,0.0,0.0,0.0,A4 Allroad
Audi,0.0,0.0,0.0,0.0,0.0,0.0,3505.0,1252.0,0,0.0,0.0,0.0,0.0,0.0,0.0,0.0,0.0,A4 Avant
Audi,0.0,0.0,0.0,0.0,0.0,0.0,31729.0,34163.0,0,0.0,29013.0,34687.0,0.0,0.0,0.0,0.0,0.0,A4 Sedan
Audi,0.0,0.0,0.0,0.0,0.0,0.0,0.0,0.0,36744,33993.0,0.0,0.0,0.0,0.0,0.0,0.0,0.0,A4 Sedan/Avant
Audi,0.0,0.0,625.0,6282.0,9800.0,16379.0,15385.0,17270.0,18664,16620.0,12934.0,8354.0,21301.0,25972.0,23023.0,18827.0,17128.0,A5
Audi,20503.0,16219.0,12001.0,11956.0,6786.0,8675.0,11124.0,18998.0,22428,23941.0,22850.0,18686.0,16304.0,10561.0,17807.0,10536.0,9543.0,A6
Audi,0.0,0.0,0.0,0.0,0.0,0.0,6270.0,8598.0,8483,8133.0,7721.0,6558.0,4810.0,3852.0,4955.0,2859.0,3080.0,A7
Audi,5430.0,5038.0,3826.0,2825.0,1463.0,1521.0,5700.0,6002.0,6300,5904.0,4990.0,4149.0,3127.0,1599.0,2963.0,2375.0,2068.0,A8
Audi,0.0,0.0,0.0,0.0,0.0,0.0,0.0,0.0,0,0.0,0.0,0.0,0.0,0.0,5369.0,7202.0,8278.0,eTron
Audi,0.0,0.0,0.0,0.0,0.0,0.0,0.0,0.0,0,0.0,0.0,0.0,0.0,0.0,0.0,0.0,1227.0,e-Tron GT
Audi,0.0,0.0,0.0,0.0,0.0,0.0,0.0,0.0,0,0.0,0.0,0.0,0.0,0.0,0.0,0.0,505.0,e-Tron Sportback
Audi,0.0,0.0,0.0,0.0,0.0,0.0,0.0,0.0,0,3654.0,13229.0,20048.0,20633.0,16828.0,14822.0,27252.0,34464.0,Q3
Audi,0.0,0.0,0.0,0.0,0.0,0.0,0.0,0.0,0,0.0,0.0,0.0,0.0,0.0,0.0,0.0,45.0,Q4 e-tron
Audi,0.0,0.0,0.0,0.0,0.0,0.0,0.0,0.0,0,0.0,0.0,0.0,0.0,0.0,0.0,0.0,18.0,Q4 e-tron Sportback
Audi,0.0,0.0,0.0,0.0,13790.0,23518.0,24908.0,28671.0,40355,42420.0,52006.0,49550.0,57640.0,69978.0,67516.0,50435.0,60299.0,Q5
Audi,0.0,10003.0,20695.0,13209.0,7299.0,7976.0,8998.0,11008.0,15978,18517.0,18995.0,30563.0,38346.0,37417.0,34649.0,25372.0,25363.0,Q7
Audi,0.0,0.0,0.0,0.0,0.0,0.0,0.0,0.0,0,0.0,0.0,0.0,0.0,2029.0,14256.0,12072.0,12539.0,Q8
Audi,0.0,0.0,240.0,900.0,699.0,799.0,1145.0,802.0,813,735.0,495.0,736.0,772.0,927.0,574.0,583.0,648.0,R8
Audi,2822.0,954.0,4355.0,4486.0,1935.0,1531.0,2236.0,2226.0,2053,1158.0,1167.0,3044.0,2294.0,1289.0,1324.0,832.0,987.0,TT
Other Import,0.0,0.0,0.0,0.0,0.0,0.0,0.0,0.0,0,0.0,0.0,884.0,1152.0,0.0,0.0,0.0,0.0,Rolls Royce/Bentley
Other Import,0.0,0.0,0.0,0.0,0.0,0.0,0.0,0.0,0,0.0,1701.0,1144.0,898.0,0.0,0.0,0.0,0.0,Rolls Royce/Bentley
Other Import,0.0,0.0,0.0,0.0,0.0,0.0,0.0,0.0,0,0.0,791.0,400.0,257.0,0.0,0.0,0.0,0.0,Rolls Royce/Bentley
Other Import,0.0,0.0,0.0,0.0,0.0,0.0,0.0,0.0,0,0.0,194.0,153.0,98.0,0.0,0.0,0.0,0.0,Rolls Royce/Bentley
BMW,0.0,0.0,0.0,12018.0,11182.0,13132.0,8832.0,7689.0,0,0.0,0.0,0.0,0.0,0.0,0.0,0.0,0.0,1-Series
BMW,0.0,0.0,0.0,0.0,0.0,0.0,0.0,0.0,7220,7345.0,0.0,0.0,0.0,0.0,0.0,0.0,0.0,1-Series & 2-Series
BMW,0.0,0.0,0.0,0.0,0.0,0.0,0.0,0.0,0,0.0,13020.0,15519.0,11737.0,9208.0,8015.0,13209.0,15684.0,2-Series
BMW,106950.0,120180.0,142490.0,112464.0,90960.0,100910.0,94371.0,99602.0,0,0.0,94540.0,70458.0,59449.0,44578.0,47827.0,39290.0,49458.0,3-Series
BMW,0.0,0.0,0.0,0.0,0.0,0.0,0.0,0.0,119521,142232.0,0.0,0.0,0.0,0.0,0.0,0.0,0.0,3-Series & 4-Series
BMW,0.0,0.0,0.0,0.0,0.0,0.0,0.0,0.0,0,0.0,46069.0,35763.0,39634.0,31379.0,18621.0,12357.0,22938.0,4-Series
BMW,52722.0,56756.0,54142.0,45915.0,40109.0,39488.0,51491.0,56798.0,56863,52704.0,44162.0,32408.0,40658.0,43937.0,38709.0,25515.0,24523.0,5-Series
BMW,9934.0,9326.0,9033.0,6533.0,3549.0,2418.0,3903.0,8208.0,9762,8647.0,8146.0,3947.0,3355.0,3762.0,1139.0,1960.0,56.0,6-Series
BMW,18165.0,17796.0,14773.0,12276.0,9254.0,12253.0,11299.0,11098.0,10932,9744.0,9292.0,12918.0,9276.0,8271.0,8823.0,5985.0,7705.0,7-Series
BMW,0.0,0.0,0.0,0.0,0.0,0.0,0.0,0.0,0,0.0,0.0,0.0,0.0,223.0,4410.0,7714.0,7763.0,8-Series
BMW,0.0,0.0,0.0,0.0,0.0,0.0,0.0,0.0,0,6092.0,11024.0,7625.0,6276.0,6120.0,4853.0,1502.0,1476.0,i3
BMW,0.0,0.0,0.0,0.0,0.0,0.0,0.0,0.0,0,555.0,2265.0,1594.0,488.0,772.0,1102.0,192.0,21.0,i8
BMW,0.0,0.0,0.0,0.0,0.0,0.0,0.0,8947.0,26512,22808.0,14420.0,27812.0,30826.0,29057.0,17815.0,14368.0,18255.0,X1
BMW,0.0,0.0,0.0,0.0,0.0,0.0,0.0,0.0,0,0.0,0.0,0.0,0.0,16154.0,11293.0,7368.0,6563.0,X2
BMW,30769.0,31291.0,28058.0,17622.0,6067.0,6075.0,27793.0,35173.0,30623,33824.0,31924.0,44196.0,40691.0,61351.0,70110.0,59777.0,75858.0,X3
BMW,0.0,0.0,0.0,0.0,0.0,0.0,0.0,0.0,0,2709.0,6429.0,4989.0,5198.0,4323.0,8758.0,7662.0,10622.0,X4
BMW,37598.0,26798.0,35202.0,31858.0,27071.0,35776.0,40547.0,44445.0,39818,47031.0,54997.0,47641.0,50815.0,45013.0,54595.0,50513.0,60724.0,X5
BMW,0.0,0.0,0.0,4548.0,4787.0,6257.0,6192.0,6749.0,5549,3896.0,7906.0,7117.0,6780.0,6862.0,4240.0,7291.0,9590.0,X6
BMW,0.0,0.0,0.0,0.0,0.0,0.0,0.0,0.0,0,0.0,0.0,0.0,0.0,0.0,21574.0,23230.0,23046.0,X7
BMW,10045.0,12285.0,10097.0,5879.0,3523.0,3804.0,3479.0,2751.0,2480,2151.0,1829.0,1187.0,502.0,4.0,2941.0,2364.0,2412.0,Z4
BMW,17.0,0.0,0.0,0.0,0.0,0.0,0.0,0.0,0,0.0,0.0,0.0,0.0,0.0,0.0,0.0,0.0,Z8
Buick / Opel,0.0,0.0,0.0,0.0,0.0,0.0,0.0,0.0,0,0.0,0.0,7153.0,5595.0,4628.0,2535.0,12.0,0.0,Cascada
Buick / Opel,6504.0,83.0,5.0,0.0,0.0,0.0,0.0,0.0,0,0.0,0.0,0.0,0.0,0.0,0.0,0.0,0.0,Century
Buick / Opel,0.0,0.0,29286.0,44706.0,43150.0,55426.0,58392.0,56703.0,60534,62300.0,62081.0,52028.0,48564.0,49648.0,51156.0,38479.0,42340.0,Enclave
Buick / Opel,0.0,0.0,0.0,0.0,0.0,0.0,0.0,0.0,31956,48892.0,67549.0,78565.0,88035.0,93071.0,102401.0,44353.0,20438.0,Encore
Buick / Opel,0.0,0.0,0.0,0.0,0.0,0.0,0.0,0.0,0,0.0,0.0,0.0,0.0,0.0,0.0,42240.0,72401.0,Encore GX
Buick / Opel,0.0,0.0,0.0,0.0,0.0,0.0,0.0,0.0,0,0.0,0.0,14193.0,41040.0,30153.0,33230.0,34943.0,47173.0,Envision
Buick / Opel,92669.0,71072.0,47747.0,36873.0,27818.0,61178.0,58474.0,57076.0,48798,51468.0,42035.0,27582.0,20161.0,15527.0,7241.0,229.0,9.0,LaCrosse
Buick / Opel,75369.0,2313.0,121.0,0.0,0.0,0.0,0.0,0.0,0,0.0,0.0,0.0,0.0,0.0,0.0,0.0,0.0,LeSabre
Buick / Opel,8821.0,96515.0,82923.0,54930.0,31292.0,26459.0,20358.0,971.0,9,0.0,0.0,0.0,0.0,0.0,0.0,0.0,0.0,Lucerne
Buick / Opel,2175.0,51.0,26.0,0.0,0.0,0.0,0.0,0.0,0,0.0,0.0,0.0,0.0,0.0,0.0,0.0,0.0,Park Avenue
Buick / Opel,15271.0,12691.0,4819.0,117.0,4.0,0.0,0.0,0.0,0,0.0,0.0,0.0,0.0,0.0,0.0,0.0,0.0,Rainier
Buick / Opel,602.0,0.0,0.0,0.0,0.0,12326.0,40144.0,24616.0,18685,22560.0,19504.0,19833.0,11559.0,14117.0,10363.0,2493.0,19.0,Regal
Buick / Opel,0.0,0.0,0.0,163.0,12.0,0.0,0.0,0.0,0,0.0,0.0,0.0,0.0,0.0,0.0,0.0,0.0,Relay
Buick / Opel,60589.0,45954.0,15295.0,27.0,9.0,0.0,0.0,0.0,0,0.0,0.0,0.0,0.0,0.0,0.0,0.0,0.0,Rendezvous
Buick / Opel,20288.0,11948.0,5569.0,544.0,33.0,0.0,0.0,0.0,0,0.0,0.0,0.0,0.0,0.0,0.0,0.0,0.0,Terraza
Buick / Opel,0.0,0.0,0.0,0.0,0.0,0.0,265.0,41042.0,45527,43743.0,31886.0,30277.0,4277.0,0.0,0.0,0.0,0.0,Verano
Buick / Opel,0.0,0.0,0.0,3.0,1.0,0.0,0.0,0.0,0,0.0,0.0,0.0,0.0,0.0,0.0,0.0,0.0,Verona
Cadillac,0.0,0.0,0.0,0.0,0.0,0.0,0.0,7008.0,38319,29890.0,26873.0,21505.0,13100.0,10860.0,1134.0,115.0,0.0,ATS
Cadillac,0.0,0.0,0.0,0.0,0.0,0.0,0.0,0.0,0,0.0,0.0,0.0,0.0,0.0,0.0,4888.0,7254.0,CT4
Cadillac,0.0,0.0,0.0,0.0,0.0,0.0,0.0,0.0,0,0.0,0.0,0.0,0.0,0.0,43.0,14712.0,9448.0,CT5
Cadillac,0.0,0.0,0.0,0.0,0.0,0.0,0.0,0.0,0,0.0,0.0,9169.0,10542.0,9669.0,7952.0,3117.0,103.0,CT6
Cadillac,61512.0,54846.0,57029.0,58774.0,38817.0,45656.0,55042.0,46979.0,32343,31115.0,19485.0,15911.0,10344.0,11220.0,6966.0,611.0,68.0,CTS
Cadillac,38661.0,807.0,71.0,0.0,0.0,0.0,0.0,0.0,0,0.0,0.0,0.0,0.0,0.0,0.0,0.0,0.0,Deville
Cadillac,23322.0,58224.0,51469.0,30479.0,17330.0,18640.0,11589.0,465.0,19,0.0,0.0,0.0,0.0,0.0,0.0,0.0,0.0,DTS
Cadillac,0.0,0.0,0.0,0.0,0.0,0.0,0.0,0.0,6,1310.0,1024.0,534.0,17.0,0.0,0.0,0.0,0.0,ELR
Cadillac,51144.0,62206.0,60991.0,39710.0,25884.0,26874.0,15079.0,12615.0,12592,19482.0,21230.0,23604.0,37694.0,36032.0,35424.0,24545.0,40504.0,Escalade
Cadillac,0.0,0.0,0.0,0.0,0.0,0.0,8388.0,8083.0,7950,10987.0,14691.0,15488.0,0.0,0.0,0.0,0.0,0.0,Escalade ESV
Cadillac,0.0,0.0,0.0,0.0,0.0,0.0,2036.0,1934.0,1972,53.0,2.0,0.0,0.0,0.0,0.0,0.0,0.0,Escalade EXT
Cadillac,137.0,0.0,0.0,0.0,0.0,0.0,0.0,0.0,0,0.0,0.0,0.0,0.0,0.0,0.0,0.0,0.0,Seville
Cadillac,22999.0,22043.0,22543.0,16156.0,20237.0,51094.0,56905.0,57485.0,56776,53578.0,68850.0,22139.0,156.0,0.0,0.0,0.0,0.0,SRX
Cadillac,33497.0,25676.0,20873.0,14790.0,6037.0,4473.0,3338.0,164.0,7,0.0,0.0,0.0,0.0,0.0,0.0,0.0,0.0,STS
Cadillac,3730.0,3203.0,1750.0,1250.0,787.0,188.0,0.0,0.0,0,0.0,0.0,0.0,0.0,0.0,0.0,0.0,0.0,XLR
Cadillac,0.0,0.0,0.0,0.0,0.0,0.0,0.0,0.0,0,0.0,0.0,0.0,0.0,7785.0,31987.0,22473.0,11576.0,XT4
Cadillac,0.0,0.0,0.0,0.0,0.0,0.0,0.0,0.0,0,0.0,0.0,39485.0,68312.0,60566.0,49878.0,35224.0,28378.0,XT5
Cadillac,0.0,0.0,0.0,0.0,0.0,0.0,0.0,0.0,0,0.0,0.0,0.0,0.0,0.0,11560.0,22610.0,20663.0,XT6
Cadillac,0.0,0.0,0.0,0.0,0.0,0.0,0.0,15049.0,32559,24335.0,23112.0,22171.0,16275.0,17729.0,11306.0,1200.0,0.0,XTS
Chevrolet,19215.0,386.0,25.0,0.0,0.0,0.0,0.0,0.0,0,0.0,0.0,0.0,0.0,0.0,0.0,0.0,0.0,Astro
Chevrolet,63186.0,57076.0,55550.0,35003.0,16432.0,20515.0,20088.0,23995.0,16526,92.0,8.0,0.0,0.0,0.0,0.0,0.0,0.0,Avalanche
Chevrolet,68085.0,58244.0,67028.0,55360.0,38516.0,48623.0,28601.0,67.0,2,0.0,0.0,0.0,0.0,0.0,0.0,0.0,0.0,Aveo
Chevrolet,4936.0,114.0,7.0,0.0,0.0,0.0,0.0,0.0,0,0.0,0.0,0.0,0.0,27.0,58116.0,94598.0,70323.0,Blazer
Chevrolet,0.0,0.0,0.0,0.0,0.0,0.0,0.0,0.0,0,0.0,0.0,579.0,23297.0,18020.0,16419.0,20753.0,24827.0,Bolt
Chevrolet,0.0,0.0,0.0,0.0,61648.0,81299.0,88249.0,84391.0,80567,86297.0,77502.0,72705.0,67940.0,50963.0,48266.0,29777.0,21893.0,Camaro
Chevrolet,0.0,0.0,0.0,0.0,0.0,0.0,880.0,3734.0,3899,3727.0,1845.0,1021.0,693.0,0.0,0.0,0.0,0.0,Caprice PPV
Chevrolet,0.0,0.0,0.0,0.0,0.0,0.0,7038.0,36935.0,47600,35368.0,55.0,2.0,0.0,0.0,0.0,0.0,0.0,Captiva Sport
Chevrolet,18960.0,355.0,57.0,0.0,0.0,0.0,0.0,0.0,0,0.0,0.0,0.0,0.0,0.0,0.0,0.0,0.0,Cavalier
Chevrolet,0.0,0.0,0.0,0.0,0.0,0.0,0.0,0.0,0,530.0,10283.0,7019.0,8348.0,0.0,0.0,0.0,0.0,City Express
Chevrolet,212667.0,211449.0,200620.0,188045.0,104724.0,97376.0,856.0,11.0,0,0.0,0.0,0.0,0.0,0.0,0.0,0.0,0.0,Cobalt
Chevrolet,128359.0,93876.0,75716.0,54346.0,32413.0,24642.0,31026.0,36840.0,3412,8003.0,84430.0,108725.0,112996.0,134842.0,121703.0,96236.0,73008.0,Colorado
Chevrolet,32489.0,36518.0,33685.0,26971.0,13934.0,12624.0,13164.0,14132.0,17291,34839.0,33329.0,29995.0,25079.0,18789.0,17988.0,21627.0,33042.0,Corvette
Chevrolet,0.0,0.0,0.0,0.0,0.0,24495.0,231732.0,237758.0,248224,273060.0,226602.0,188876.0,184751.0,142618.0,47975.0,783.0,0.0,Cruze
Chevrolet,130542.0,113888.0,89552.0,67447.0,86148.0,149979.0,193274.0,218621.0,238192,242242.0,277589.0,242195.0,290458.0,332621.0,346049.0,270994.0,165325.0,Equinox
Chevrolet,0.0,0.0,0.0,0.0,0.0,0.0,0.0,0.0,79087,79352.0,63382.0,68007.0,69164.0,66963.0,77457.0,55040.0,44357.0,Express
Chevrolet,41011.0,101298.0,105175.0,96053.0,70842.0,75401.0,37012.0,21.0,3,0.0,0.0,0.0,0.0,0.0,0.0,0.0,0.0,HHR
Chevrolet,246481.0,289868.0,311128.0,265840.0,165565.0,172078.0,171434.0,169351.0,156797,140280.0,116825.0,97006.0,75877.0,56557.0,44978.0,9943.0,750.0,Impala
Chevrolet,203503.0,163853.0,128312.0,178253.0,161568.0,198770.0,204808.0,210951.0,200594,188519.0,194854.0,227881.0,185857.0,144542.0,120302.0,102652.0,39376.0,Malibu
Chevrolet,42358.0,18.0,17.0,0.0,0.0,0.0,0.0,0.0,0,0.0,0.0,0.0,0.0,0.0,0.0,0.0,0.0,Malibu Classic
Chevrolet,33562.0,34113.0,15784.0,711.0,6.0,0.0,0.0,0.0,0,0.0,0.0,0.0,0.0,0.0,0.0,0.0,0.0,Monte Carlo
Chevrolet,149.0,0.0,0.0,0.0,0.0,0.0,0.0,0.0,0,0.0,0.0,0.0,0.0,0.0,0.0,0.0,0.0,S10
Chevrolet,705980.0,636069.0,618257.0,465065.0,316544.0,370135.0,415130.0,418312.0,480414,529755.0,600544.0,574876.0,585864.0,585582.0,575569.0,593057.0,529765.0,Silverado
Chevrolet,0.0,0.0,0.0,0.0,0.0,0.0,15778.0,81247.0,85646,93518.0,64775.0,55255.0,30290.0,20613.0,13970.0,13007.0,1581.0,Sonic
Chevrolet,0.0,0.0,0.0,0.0,0.0,0.0,0.0,12385.0,34130,39159.0,32853.0,35511.0,22589.0,23603.0,31280.0,33480.0,24460.0,Spark
Chevrolet,0.0,0.0,0.0,0.0,0.0,0.0,0.0,0.0,418,2479.0,2895.0,3013.0,4055.0,0.0,0.0,0.0,0.0,SS
Chevrolet,8107.0,3803.0,244.0,0.0,0.0,0.0,0.0,0.0,0,0.0,0.0,0.0,0.0,0.0,0.0,0.0,0.0,SSR
Chevrolet,87011.0,77211.0,83673.0,54058.0,41055.0,45152.0,49427.0,48116.0,51260,55009.0,50866.0,60082.0,56516.0,60633.0,51928.0,33644.0,85159.0,Suburban
Chevrolet,152305.0,161491.0,146256.0,91578.0,73254.0,75675.0,80527.0,68904.0,83502,97726.0,88342.0,103306.0,98961.0,104152.0,101189.0,88237.0,106019.0,Tahoe
Chevrolet,474.0,0.0,0.0,0.0,0.0,0.0,0.0,0.0,0,0.0,0.0,0.0,0.0,0.0,0.0,0.0,0.0,Tracker
Chevrolet,244150.0,174797.0,134626.0,74878.0,8829.0,218.0,0.0,0.0,0,0.0,0.0,0.0,0.0,0.0,0.0,34292.0,90163.0,TrailBlazer
Chevrolet,0.0,0.0,0.0,9456.0,91074.0,106744.0,107131.0,85606.0,96467,103943.0,119945.0,116701.0,123506.0,146264.0,147122.0,125546.0,116251.0,Traverse
Chevrolet,0.0,0.0,0.0,0.0,0.0,0.0,0.0,0.0,0,739.0,63030.0,79016.0,79289.0,89917.0,116817.0,106299.0,42590.0,Trax
Chevrolet,72980.0,58699.0,69885.0,40456.0,1758.0,76.0,0.0,0.0,0,0.0,0.0,0.0,0.0,0.0,0.0,0.0,0.0,Uplander
Chevrolet,7029.0,196.0,25.0,0.0,0.0,0.0,0.0,0.0,0,0.0,0.0,0.0,0.0,0.0,0.0,0.0,0.0,Venture
Chevrolet,0.0,0.0,0.0,0.0,0.0,326.0,7671.0,23461.0,23094,18805.0,15393.0,24739.0,20349.0,18306.0,4911.0,68.0,0.0,Volt
Chrysler,0.0,0.0,0.0,0.0,0.0,255.0,87033.0,125476.0,122480,117363.0,167368.0,57294.0,18457.0,1043.0,48.0,9.0,15.0,200
Chrysler,144068.0,143647.0,120636.0,62352.0,38606.0,37116.0,36285.0,70747.0,57724,53382.0,53025.0,53241.0,51237.0,46593.0,29214.0,16473.0,16662.0,300
Chrysler,0.0,0.0,0.0,22254.0,5996.0,30.0,0.0,0.0,0,0.0,0.0,0.0,0.0,0.0,0.0,0.0,0.0,Aspen
Chrysler,210.0,0.0,0.0,0.0,0.0,0.0,0.0,0.0,0,0.0,0.0,0.0,0.0,0.0,0.0,0.0,0.0,Concorde
Chrysler,14665.0,8216.0,8774.0,2021.0,499.0,0.0,0.0,0.0,0,0.0,0.0,0.0,0.0,0.0,0.0,0.0,0.0,Crossfire
Chrysler,85557.0,78243.0,53947.0,7345.0,1955.0,0.0,0.0,0.0,0,0.0,0.0,62366.0,118274.0,118322.0,97706.0,84113.0,74970.0,Pacifica
Chrysler,133740.0,138650.0,99585.0,50910.0,17941.0,9440.0,0.0,0.0,0,0.0,0.0,0.0,0.0,0.0,0.0,0.0,0.0,PT Cruiser
Chrysler,90294.0,69357.0,93130.0,71663.0,27460.0,38330.0,2380.0,0.0,0,0.0,0.0,0.0,0.0,0.0,0.0,0.0,0.0,Sebring
Chrysler,180759.0,159105.0,138151.0,118563.0,84558.0,112275.0,94320.0,111744.0,122288,138040.0,97530.0,59071.0,577.0,0.0,0.0,9690.0,23355.0,Town & Country
Dodge,0.0,7656.0,28788.0,0.0,0.0,0.0,0.0,0.0,0,0.0,0.0,0.0,0.0,0.0,0.0,0.0,0.0,Aspen
Dodge,0.0,0.0,83804.0,61963.0,38922.0,50923.0,64023.0,96890.0,93842,51705.0,1326.0,45.0,14.0,0.0,0.0,0.0,0.0,Avenger
Dodge,0.0,92224.0,101079.0,84158.0,36098.0,45082.0,35049.0,10176.0,45,0.0,0.0,0.0,0.0,0.0,0.0,0.0,0.0,Caliber
Dodge,226771.0,211140.0,176150.0,123749.0,90666.0,103323.0,110862.0,141468.0,124019,134152.0,101553.0,127678.0,125196.0,151927.0,122648.0,38765.0,3037.0,Caravan/Grand Caravan
Dodge,0.0,0.0,0.0,17423.0,25852.0,36791.0,39543.0,43119.0,51462,51611.0,66377.0,64433.0,64537.0,66716.0,60997.0,52955.0,54315.0,Challenger
Dodge,44804.0,114201.0,119289.0,97367.0,60651.0,75397.0,70089.0,82592.0,98336,94099.0,96633.0,95437.0,88351.0,80226.0,96936.0,77426.0,78388.0,Charger
Dodge,104051.0,76098.0,50702.0,26044.0,10690.0,13047.0,12156.0,490.0,0,0.0,0.0,0.0,0.0,0.0,0.0,0.0,0.0,Dakota
Dodge,0.0,0.0,0.0,0.0,0.0,0.0,0.0,25303.0,83388,83858.0,87908.0,43402.0,10082.0,389.0,16.0,5.0,10.0,Dart
Dodge,115439.0,70606.0,45503.0,21420.0,3521.0,572.0,51697.0,42589.0,60727,64398.0,64723.0,68474.0,68761.0,65947.0,67598.0,57828.0,65936.0,Durango
Dodge,298.0,0.0,0.0,0.0,0.0,0.0,0.0,0.0,0,0.0,0.0,0.0,0.0,0.0,0.0,0.0,0.0,Intrepid
Dodge,0.0,0.0,0.0,47097.0,53826.0,48577.0,55155.0,79563.0,83933,93572.0,108085.0,106759.0,89470.0,94096.0,74687.0,40341.0,14034.0,Journey
Dodge,52487.0,40095.0,30256.0,6912.0,113.0,0.0,0.0,0.0,0,0.0,0.0,0.0,0.0,0.0,0.0,0.0,0.0,Magnum
Dodge,113332.0,0.0,0.0,0.0,0.0,0.0,0.0,0.0,0,0.0,0.0,0.0,0.0,0.0,0.0,0.0,0.0,Neon
Dodge,0.0,16990.0,74825.0,36368.0,17443.0,22618.0,24434.0,3269.0,0,0.0,0.0,0.0,0.0,0.0,0.0,0.0,0.0,Nitro
Dodge,400543.0,364177.0,358295.0,245840.0,177268.0,199652.0,244762.0,293363.0,0,0.0,0.0,0.0,0.0,0.0,0.0,0.0,0.0,Ram
Dodge,99648.0,51393.0,1478.0,0.0,0.0,0.0,0.0,0.0,0,0.0,0.0,0.0,0.0,0.0,0.0,0.0,0.0,Stratus
Dodge,1652.0,1455.0,435.0,1172.0,482.0,392.0,197.0,20.0,591,760.0,690.0,630.0,585.0,0.0,0.0,6.0,6.0,Viper
Fiat,0.0,0.0,0.0,0.0,0.0,0.0,0.0,0.0,0,0.0,0.0,2475.0,4478.0,3515.0,2646.0,1711.0,955.0,124 Spider
Fiat,0.0,0.0,0.0,0.0,0.0,0.0,19769.0,43772.0,35834,33708.0,23980.0,15437.0,12685.0,5370.0,3267.0,674.0,51.0,500
Fiat,0.0,0.0,0.0,0.0,0.0,0.0,0.0,0.0,7402,12413.0,7585.0,3118.0,1664.0,1413.0,772.0,475.0,188.0,500L
Fiat,0.0,0.0,0.0,0.0,0.0,0.0,0.0,0.0,0,0.0,11357.0,11712.0,7665.0,5223.0,2519.0,1444.0,1180.0,500X
Ford,0.0,0.0,0.0,0.0,0.0,0.0,0.0,0.0,0,0.0,0.0,0.0,0.0,0.0,0.0,0.0,35023.0,Bronco
Ford,0.0,0.0,0.0,0.0,0.0,0.0,0.0,0.0,0,0.0,0.0,0.0,0.0,0.0,0.0,5120.0,108169.0,Bronco Sport
Ford,0.0,0.0,0.0,0.0,0.0,0.0,0.0,13309.0,35210,27595.0,21768.0,19834.0,18390.0,0.0,0.0,0.0,0.0,C-Max
Ford,63939.0,62976.0,60901.0,48557.0,33255.0,33722.0,46725.0,4429.0,0,0.0,0.0,0.0,0.0,0.0,0.0,0.0,0.0,Crown Victoria
Ford,0.0,0.0,0.0,0.0,0.0,0.0,0.0,0.0,0,0.0,0.0,0.0,0.0,54348.0,60599.0,60544.0,40659.0,EcoSport
Ford,1302.0,2201.0,130125.0,110798.0,88548.0,118637.0,121702.0,127969.0,129109,108864.0,124120.0,134588.0,142603.0,134122.0,138514.0,108886.0,85225.0,Edge
Ford,165122.0,157395.0,165596.0,156544.0,173044.0,191026.0,254293.0,261008.0,295993,306212.0,306492.0,307069.0,308296.0,272228.0,241387.0,178495.0,145415.0,Escape
Ford,0.0,0.0,0.0,0.0,0.0,0.0,0.0,0.0,125356,103263.0,50788.0,54245.0,53304.0,47936.0,45063.0,37001.0,37122.0,E-Series
Ford,16283.0,0.0,0.0,0.0,0.0,0.0,0.0,0.0,0,0.0,0.0,0.0,0.0,0.0,0.0,0.0,0.0,Excursion
Ford,114137.0,87203.0,90287.0,55123.0,31655.0,37336.0,40499.0,38062.0,38350,44632.0,41443.0,59835.0,51883.0,54661.0,86423.0,77838.0,81988.0,Expedition
Ford,239788.0,179229.0,137817.0,78439.0,52190.0,60687.0,135704.0,158344.0,178311,189339.0,224309.0,216294.0,271131.0,261571.0,187061.0,226215.0,219871.0,Explorer
Ford,0.0,0.0,0.0,0.0,0.0,0.0,0.0,5863.0,14086,20655.0,24942.0,32213.0,0.0,0.0,0.0,0.0,0.0,Explorer Police Interceptor
Ford,0.0,0.0,0.0,0.0,0.0,23273.0,68574.0,56775.0,71073,63192.0,64458.0,48807.0,46249.0,51730.0,60148.0,3354.0,0.0,Fiesta
Ford,107932.0,84218.0,35146.0,0.0,0.0,0.0,0.0,0.0,0,0.0,0.0,0.0,0.0,0.0,0.0,0.0,0.0,Five Hundred
Ford,0.0,0.0,0.0,14457.0,38717.0,34227.0,27428.0,28224.0,25953,23822.0,19570.0,22668.0,22389.0,20308.0,24485.0,4849.0,0.0,Flex
Ford,184825.0,177006.0,173213.0,195823.0,160433.0,172421.0,175717.0,245922.0,234570,219634.0,202478.0,168789.0,158385.0,0.0,0.0,0.0,0.0,Focus
Ford,77585.0,50125.0,2390.0,0.0,0.0,0.0,0.0,0.0,0,0.0,0.0,0.0,0.0,0.0,0.0,0.0,0.0,Freestar
Ford,76739.0,58602.0,23765.0,0.0,0.0,0.0,0.0,0.0,0,0.0,0.0,0.0,0.0,0.0,0.0,0.0,0.0,Freestyle
Ford,901463.0,796039.0,690589.0,515513.0,413625.0,528349.0,584917.0,645316.0,763402,753851.0,780354.0,820799.0,896764.0,909330.0,896526.0,787372.0,726003.0,F-Series
Ford,16983.0,142502.0,149552.0,147569.0,180671.0,219219.0,248067.0,241263.0,295280,306860.0,300170.0,265840.0,209623.0,173600.0,166045.0,110665.0,11781.0,Fusion
Ford,1302.0,1919.0,231.0,0.0,0.0,0.0,0.0,0.0,0,0.0,0.0,0.0,89.0,126.0,698.0,125.0,143.0,GT
Ford,0.0,0.0,0.0,0.0,0.0,0.0,0.0,0.0,0,0.0,0.0,0.0,0.0,0.0,0.0,0.0,13258.0,Maverick
Ford,160975.0,166530.0,134626.0,91251.0,66623.0,73716.0,70438.0,82995.0,77186,82635.0,122349.0,105932.0,81866.0,75842.0,72489.0,61090.0,52384.0,Mustang
Ford,0.0,0.0,0.0,0.0,0.0,0.0,0.0,0.0,0,0.0,0.0,0.0,0.0,0.0,0.0,3.0,27140.0,Mustang Mach E
Ford,120958.0,92420.0,72711.0,65872.0,55600.0,55364.0,70832.0,19366.0,0,0.0,0.0,0.0,0.0,0.0,83571.0,101485.0,94755.0,Ranger
Ford,196919.0,174803.0,33032.0,52667.0,45617.0,68859.0,63526.0,66066.0,69063,52395.0,39051.0,34626.0,41236.0,40341.0,13423.0,0.0,0.0,Taurus
Ford,0.0,0.0,0.0,0.0,0.0,0.0,0.0,8309.0,10897,10234.0,9765.0,9472.0,0.0,0.0,0.0,0.0,0.0,Taurus Police Interceptor
Ford,0.0,0.0,18345.0,23112.0,6106.0,12.0,0.0,0.0,0,0.0,0.0,0.0,0.0,0.0,0.0,0.0,0.0,Taurus X
Ford,9548.0,0.0,0.0,0.0,0.0,0.0,0.0,0.0,0,0.0,0.0,0.0,0.0,0.0,0.0,0.0,0.0,Thunderbird
Ford,0.0,0.0,0.0,0.0,0.0,0.0,0.0,0.0,0,20448.0,117577.0,143244.0,127360.0,137794.0,153867.0,131557.0,99745.0,Transit
Ford,0.0,0.0,0.0,0.0,0.0,0.0,0.0,0.0,39703,43210.0,52221.0,43232.0,34473.0,31923.0,41597.0,34596.0,26112.0,Transit Connect
GMC,0.0,480.0,72765.0,66440.0,53820.0,68295.0,79288.0,78280.0,89793,83972.0,96393.0,88466.0,111276.0,88622.0,99430.0,72538.0,59913.0,Acadia
GMC,34845.0,23979.0,20888.0,14974.0,10107.0,7992.0,9590.0,8735.0,929,3070.0,30077.0,37449.0,32106.0,33493.0,32826.0,25191.0,24125.0,Canyon
GMC,107862.0,74452.0,48586.0,23876.0,4857.0,84.0,0.0,0.0,0,0.0,0.0,0.0,0.0,0.0,0.0,0.0,0.0,Envoy
GMC,3436.0,56.0,13.0,0.0,0.0,0.0,0.0,0.0,0,0.0,0.0,0.0,0.0,0.0,0.0,0.0,0.0,Safari
GMC,0.0,0.0,0.0,0.0,0.0,0.0,0.0,0.0,16705,26641.0,21992.0,20607.0,29679.0,19685.0,24227.0,15108.0,36008.0,Savana
GMC,229488.0,210736.0,208243.0,168544.0,111842.0,129794.0,149170.0,157185.0,184389,211833.0,224139.0,221680.0,217943.0,219554.0,232325.0,253014.0,248923.0,Sierra
GMC,66.0,0.0,0.0,0.0,0.0,0.0,0.0,0.0,0,0.0,0.0,0.0,0.0,0.0,0.0,0.0,0.0,Sonoma
GMC,0.0,0.0,0.0,0.0,14033.0,60519.0,83179.0,97786.0,99525,105016.0,112030.0,87925.0,85441.0,114311.0,101470.0,86020.0,47488.0,Terrain
GMC,10303.0,0.0,0.0,0.0,0.0,68.0,0.0,0.0,0,0.0,0.0,0.0,0.0,0.0,0.0,0.0,0.0,Torrent
GMC,73458.0,71476.0,63428.0,39064.0,29411.0,28781.0,34250.0,27818.0,28302,41569.0,42732.0,53447.0,49183.0,74678.0,74672.0,63442.0,84243.0,Yukon
GMC,53652.0,45413.0,45303.0,26404.0,16819.0,23797.0,25223.0,23427.0,31258,29752.0,31334.0,37054.0,35059.0,0.0,0.0,0.0,0.0,Yukon XL
Honda,369293.0,354441.0,392231.0,372789.0,290056.0,311381.0,235625.0,331872.0,366678,388374.0,355557.0,345225.0,322655.0,291071.0,267567.0,199458.0,202676.0,Accord
Honda,308415.0,316638.0,331095.0,339289.0,259722.0,260218.0,216532.0,310753.0,336180,325981.0,335384.0,366927.0,377286.0,325760.0,325650.0,261225.0,263787.0,Civic
Honda,0.0,0.0,0.0,0.0,0.0,0.0,4703.0,7156.0,0,0.0,0.0,0.0,0.0,0.0,0.0,0.0,0.0,Civic Hybrid
Honda,0.0,0.0,0.0,0.0,0.0,0.0,0.0,0.0,0,0.0,0.0,0.0,2455.0,20174.0,11654.0,3664.0,2597.0,Clarity FCV
Honda,0.0,0.0,0.0,0.0,0.0,0.0,17974.0,20848.0,16847,11802.0,9104.0,726.0,5.0,0.0,0.0,0.0,0.0,Crosstour
Honda,150219.0,170028.0,219160.0,197279.0,191214.0,203714.0,218373.0,281652.0,303904,335019.0,345647.0,357335.0,377895.0,379021.0,384168.0,323502.0,361271.0,CR-V
Honda,0.0,0.0,0.0,0.0,0.0,5249.0,11330.0,4192.0,4550,3562.0,3073.0,2338.0,705.0,0.0,0.0,552.0,0.0,CR-Z
Honda,56262.0,51829.0,35218.0,26447.0,14884.0,14247.0,11534.0,3.0,2,0.0,0.0,0.0,0.0,0.0,0.0,0.0,0.0,Element
Honda,6.0,6.0,10.0,11.0,5.0,17.0,2.0,5.0,10,2.0,2.0,8.0,0.0,0.0,0.0,0.0,0.0,FCX
Honda,0.0,27934.0,56432.0,79794.0,67315.0,54354.0,59235.0,49253.0,53513,59340.0,52724.0,56630.0,49454.0,35030.0,35414.0,32488.0,8695.0,Fit
Honda,0.0,0.0,0.0,0.0,0.0,0.0,0.0,93.0,0,0.0,0.0,0.0,0.0,0.0,0.0,0.0,0.0,Fit EV
Honda,0.0,0.0,0.0,0.0,0.0,0.0,0.0,0.0,0,0.0,41969.0,82041.0,94034.0,85494.0,99104.0,84027.0,137090.0,HR-V
Honda,666.0,722.0,3.0,0.0,20572.0,20962.0,15549.0,5846.0,4802,3965.0,1458.0,67.0,3.0,12513.0,23686.0,15932.0,18685.0,Insight
Honda,174275.0,177919.0,173046.0,135493.0,100133.0,108182.0,107068.0,125980.0,128987,122738.0,127736.0,120846.0,100307.0,106327.0,99113.0,83409.0,76125.0,Odyssey
Honda,0.0,0.0,0.0,0.0,0.0,0.0,0.0,0.0,0,0.0,0.0,0.0,0.0,0.0,36285.0,39567.0,53133.0,Passport
Honda,143353.0,152154.0,117146.0,96746.0,83901.0,102323.0,116297.0,114848.0,126678,108857.0,136212.0,120772.0,127279.0,159615.0,135008.0,123813.0,143062.0,Pilot
Honda,42593.0,50193.0,42795.0,33875.0,16474.0,16142.0,9759.0,14068.0,17723,13389.0,520.0,23667.0,34749.0,30592.0,33334.0,32168.0,41355.0,Ridgeline
Honda,7780.0,6271.0,4302.0,2538.0,795.0,85.0,0.0,0.0,2,0.0,0.0,0.0,0.0,0.0,0.0,0.0,0.0,S2000
AM General,374.0,365.0,125.0,0.0,0.0,0.0,0.0,0.0,0,0.0,0.0,0.0,0.0,0.0,0.0,0.0,0.0,Hummer
AM General,23213.0,17107.0,12431.0,6095.0,1513.0,151.0,0.0,0.0,0,0.0,0.0,0.0,0.0,0.0,0.0,0.0,0.0,Hummer
AM General,33140.0,54052.0,43430.0,21373.0,7533.0,3661.0,0.0,0.0,0,0.0,0.0,0.0,0.0,0.0,0.0,0.0,0.0,Hummer
Hyundai,41012.0,34735.0,36055.0,50431.0,68086.0,51975.0,55601.0,61004.0,60458,63309.0,61486.0,79766.0,58955.0,29090.0,25628.0,15975.0,18868.0,Accent
Hyundai,17645.0,26833.0,21948.0,14461.0,3808.0,3051.0,1524.0,8431.0,11221,7232.0,5539.0,4942.0,3060.0,0.0,0.0,0.0,0.0,Azera
Hyundai,116336.0,98853.0,85724.0,94720.0,103269.0,132246.0,186361.0,202034.0,247912,222023.0,241706.0,208319.0,198210.0,200415.0,175094.0,105475.0,127360.0,Elantra
Hyundai,0.0,12206.0,17155.0,8470.0,3433.0,0.0,0.0,0.0,0,0.0,0.0,0.0,0.0,0.0,0.0,0.0,0.0,Entourage
Hyundai,0.0,0.0,0.0,0.0,0.0,196.0,3193.0,3972.0,3578,3415.0,2332.0,1361.0,20.0,0.0,0.0,0.0,0.0,Equus
Hyundai,0.0,0.0,0.0,6167.0,21889.0,29122.0,32998.0,33973.0,32330,29992.0,31374.0,23230.0,1152.0,0.0,0.0,0.0,0.0,Genesis
Hyundai,0.0,0.0,0.0,0.0,0.0,0.0,0.0,0.0,0,0.0,0.0,0.0,11197.0,15076.0,19574.0,13570.0,19175.0,Ioniq
Hyundai,0.0,0.0,0.0,0.0,0.0,0.0,0.0,0.0,0,0.0,0.0,0.0,0.0,0.0,0.0,0.0,153.0,Ioniq 5
Hyundai,0.0,0.0,0.0,0.0,0.0,0.0,0.0,0.0,0,0.0,0.0,0.0,0.0,47090.0,73326.0,76253.0,89607.0,Kona
Hyundai,0.0,0.0,0.0,0.0,0.0,0.0,0.0,0.0,0,0.0,0.0,0.0,0.0,8.0,267.0,208.0,421.0,Nexo
Hyundai,0.0,0.0,0.0,0.0,0.0,0.0,0.0,0.0,0,0.0,0.0,0.0,0.0,0.0,28736.0,81905.0,86282.0,Palisade
Hyundai,0.0,0.0,0.0,0.0,0.0,0.0,0.0,0.0,0,0.0,0.0,0.0,0.0,0.0,0.0,0.0,9634.0,Santa Cruz
Hyundai,68006.0,63931.0,92421.0,70994.0,80343.0,76680.0,74391.0,71016.0,88844,107906.0,118134.0,131257.0,133171.0,117038.0,127373.0,101513.0,112705.0,Santa Fe
Hyundai,130365.0,149513.0,145568.0,117357.0,120028.0,196623.0,225961.0,230605.0,203648,216936.0,213303.0,199416.0,131803.0,105118.0,87466.0,76997.0,83434.0,Sonata
Hyundai,20600.0,17382.0,14073.0,9111.0,8587.0,0.0,0.0,0.0,0,0.0,0.0,0.0,0.0,0.0,0.0,0.0,15744.0,Tiburon
Hyundai,61048.0,52067.0,41476.0,19027.0,15411.0,39594.0,47232.0,48878.0,41906,47306.0,63591.0,89713.0,114735.0,153792.0,137381.0,123657.0,140721.0,Tucson
Hyundai,0.0,0.0,0.0,0.0,0.0,0.0,9284.0,34862.0,30711,27598.0,24245.0,30053.0,12658.0,10871.0,12849.0,6785.0,1942.0,Veloster
Hyundai,0.0,0.0,0.0,0.0,0.0,0.0,0.0,0.0,0,0.0,0.0,0.0,0.0,0.0,1077.0,17587.0,20669.0,Venue
Hyundai,0.0,0.0,12589.0,11004.0,10210.0,8741.0,9146.0,8232.0,175,1.0,0.0,0.0,0.0,0.0,0.0,0.0,0.0,Veracruz
Infiniti,0.0,0.0,0.0,0.0,0.0,8312.0,6030.0,3495.0,0,0.0,0.0,0.0,0.0,0.0,0.0,0.0,0.0,EX
Infiniti,0.0,0.0,305.0,12873.0,7950.0,0.0,0.0,0.0,0,0.0,0.0,0.0,0.0,0.0,0.0,0.0,0.0,EX35
Infiniti,26786.0,22653.0,20724.0,12660.0,11024.0,10420.0,9939.0,10424.0,0,0.0,0.0,0.0,0.0,0.0,0.0,0.0,0.0,FX
Infiniti,68728.0,60741.0,71809.0,64181.0,47174.0,58143.0,0.0,0.0,0,0.0,0.0,0.0,0.0,0.0,0.0,0.0,0.0,G
Infiniti,0.0,0.0,0.0,0.0,0.0,0.0,14487.0,13016.0,0,0.0,0.0,0.0,0.0,0.0,0.0,0.0,0.0,G Coupe/Convertible
Infiniti,0.0,0.0,0.0,0.0,0.0,0.0,43759.0,46828.0,0,0.0,0.0,0.0,0.0,0.0,0.0,0.0,0.0,G Sedan
Infiniti,1044.0,2.0,1.0,0.0,0.0,0.0,0.0,0.0,0,0.0,0.0,0.0,0.0,0.0,0.0,0.0,0.0,I35
Infiniti,0.0,0.0,0.0,0.0,0.0,0.0,0.0,21674.0,0,0.0,0.0,0.0,0.0,0.0,0.0,0.0,0.0,JX35
Infiniti,24000.0,25658.0,21884.0,15618.0,8501.0,14618.0,10818.0,9130.0,0,0.0,0.0,0.0,0.0,0.0,0.0,0.0,0.0,M
Infiniti,0.0,0.0,0.0,0.0,0.0,0.0,0.0,0.0,0,0.0,8605.0,59.0,0.0,0.0,0.0,0.0,0.0,Q40
Infiniti,0.0,0.0,0.0,0.0,0.0,0.0,0.0,0.0,30256,15590.0,0.0,0.0,0.0,0.0,0.0,0.0,0.0,Q40/G Sedan
Infiniti,1129.0,393.0,23.0,0.0,0.0,0.0,0.0,0.0,0,0.0,0.0,0.0,0.0,0.0,0.0,0.0,0.0,Q45
Infiniti,0.0,0.0,0.0,0.0,0.0,0.0,0.0,0.0,17816,36899.0,43874.0,44007.0,40739.0,34763.0,25987.0,16533.0,13894.0,Q50
Infiniti,0.0,0.0,0.0,0.0,0.0,0.0,0.0,0.0,9806,7740.0,3949.0,3970.0,10751.0,8405.0,5043.0,2793.0,2729.0,Q60
Infiniti,0.0,0.0,0.0,0.0,0.0,0.0,0.0,0.0,5283,5034.0,8449.0,5872.0,5772.0,4479.0,2552.0,139.0,0.0,Q70
Infiniti,0.0,0.0,0.0,0.0,0.0,0.0,0.0,0.0,0,0.0,0.0,2259.0,14093.0,8101.0,3229.0,149.0,0.0,QX30
Infiniti,3.0,5.0,4.0,0.0,0.0,0.0,0.0,0.0,0,0.0,0.0,0.0,0.0,0.0,0.0,0.0,0.0,QX4
Infiniti,0.0,0.0,0.0,0.0,0.0,0.0,0.0,0.0,2164,2727.0,5468.0,16973.0,16857.0,25389.0,18616.0,20885.0,19196.0,QX50
Infiniti,0.0,0.0,0.0,0.0,0.0,0.0,0.0,0.0,0,0.0,0.0,0.0,0.0,0.0,0.0,0.0,4333.0,QX55
Infiniti,14711.0,11694.0,12288.0,7657.0,6440.0,11918.0,13428.0,15310.0,0,0.0,0.0,0.0,0.0,0.0,0.0,0.0,0.0,QX56
Infiniti,0.0,0.0,0.0,0.0,0.0,0.0,0.0,0.0,31602,31192.0,41770.0,42120.0,40444.0,47370.0,43162.0,22879.0,5830.0,QX60
Infiniti,0.0,0.0,0.0,0.0,0.0,0.0,0.0,0.0,6380,5213.0,5737.0,6261.0,6878.0,0.0,0.0,0.0,0.0,QX70
Infiniti,0.0,0.0,0.0,0.0,0.0,0.0,0.0,0.0,0,0.0,15646.0,16772.0,17881.0,19207.0,19113.0,16125.0,12573.0,QX80
Infiniti,0.0,0.0,0.0,0.0,0.0,0.0,0.0,0.0,13148,12935.0,0.0,0.0,0.0,0.0,0.0,0.0,0.0,QX80/QX56
Isuzu,7585.0,4857.0,2948.0,1756.0,68.0,0.0,0.0,0.0,0,0.0,0.0,0.0,0.0,0.0,0.0,0.0,0.0,Ascender
Isuzu,1319.0,124.0,8.0,0.0,0.0,0.0,0.0,0.0,0,0.0,0.0,0.0,0.0,0.0,0.0,0.0,0.0,Axiom
Isuzu,889.0,3497.0,4138.0,2998.0,97.0,0.0,0.0,0.0,0,0.0,0.0,0.0,0.0,0.0,0.0,0.0,0.0,i-280/i-350
Isuzu,2373.0,129.0,4.0,0.0,0.0,0.0,0.0,0.0,0,0.0,0.0,0.0,0.0,0.0,0.0,0.0,0.0,Rodeo
Isuzu,7.0,0.0,0.0,0.0,0.0,0.0,0.0,0.0,0,0.0,0.0,0.0,0.0,0.0,0.0,0.0,0.0,Rodeo Sport
Isuzu,4.0,0.0,0.0,0.0,0.0,0.0,0.0,0.0,0,0.0,0.0,0.0,0.0,0.0,0.0,0.0,0.0,Trooper
Jaguar,0.0,0.0,0.0,0.0,0.0,0.0,0.0,0.0,0,0.0,0.0,0.0,0.0,5985.0,4782.0,3696.0,2904.0,E-Pace
Jaguar,0.0,0.0,0.0,0.0,0.0,0.0,0.0,0.0,0,0.0,0.0,10016.0,18946.0,12997.0,15491.0,10891.0,9237.0,F-Pace
Jaguar,0.0,0.0,0.0,0.0,0.0,0.0,0.0,0.0,2250,4112.0,4629.0,4069.0,4108.0,2268.0,2279.0,1701.0,2112.0,F-Type
Jaguar,0.0,0.0,0.0,0.0,0.0,0.0,0.0,0.0,0,0.0,0.0,0.0,0.0,393.0,2594.0,1946.0,1415.0,I-Pace
Jaguar,8897.0,5875.0,3524.0,904.0,24.0,0.0,0.0,0.0,0,0.0,0.0,0.0,0.0,0.0,0.0,0.0,0.0,S-Type
Jaguar,0.0,0.0,0.0,0.0,0.0,0.0,0.0,0.0,0,0.0,0.0,6656.0,9278.0,4704.0,3551.0,1686.0,270.0,XE
Jaguar,0.0,0.0,0.0,8578.0,8487.0,6925.0,5303.0,5526.0,7922,5880.0,5933.0,6665.0,4541.0,2208.0,1236.0,748.0,1183.0,XF
Jaguar,8304.0,5027.0,4474.0,2452.0,1161.0,4278.0,5235.0,4852.0,5434,4329.0,3611.0,3834.0,2721.0,0.0,0.0,1118.0,28.0,XJ
Jaguar,2282.0,4567.0,4487.0,3581.0,2274.0,2137.0,1738.0,1633.0,1346,1452.0,293.0,3.0,0.0,0.0,0.0,0.0,0.0,XK
Jaguar,10941.0,5214.0,3198.0,431.0,9.0,0.0,0.0,0.0,0,0.0,0.0,0.0,0.0,0.0,0.0,0.0,0.0,X-Type
Jeep / Kaiser-Jeep / Willys- Jeep,0.0,0.0,0.0,0.0,0.0,0.0,0.0,0.0,25786,178508.0,220744.0,199736.0,169882.0,239437.0,191397.0,135854.0,89126.0,Cherokee
Jeep / Kaiser-Jeep / Willys- Jeep,17048.0,88497.0,63027.0,27694.0,12655.0,8115.0,0.0,0.0,0,0.0,0.0,0.0,0.0,0.0,0.0,0.0,0.0,Commander
Jeep / Kaiser-Jeep / Willys- Jeep,0.0,18579.0,39491.0,25349.0,11739.0,15894.0,47709.0,40235.0,52993,61264.0,71448.0,94061.0,83253.0,171167.0,143933.0,107968.0,75642.0,Compass
Jeep / Kaiser-Jeep / Willys- Jeep,0.0,0.0,0.0,0.0,0.0,0.0,0.0,0.0,0,0.0,0.0,0.0,0.0,0.0,40038.0,77541.0,89712.0,Gladiator
Jeep / Kaiser-Jeep / Willys- Jeep,213584.0,139148.0,120937.0,73678.0,50328.0,84635.0,127744.0,154734.0,174275,183786.0,196312.0,212273.0,240696.0,224908.0,242969.0,209786.0,254445.0,Grand Cherokee
Jeep / Kaiser-Jeep / Willys- Jeep,0.0,0.0,0.0,0.0,0.0,0.0,0.0,0.0,0,0.0,0.0,0.0,0.0,0.0,0.0,0.0,2676.0,Grand Wagoneer
Jeep / Kaiser-Jeep / Willys- Jeep,166883.0,133557.0,92105.0,66911.0,43503.0,49564.0,66684.0,75483.0,6101,0.0,0.0,0.0,0.0,0.0,0.0,0.0,0.0,Liberty
Jeep / Kaiser-Jeep / Willys- Jeep,0.0,0.0,40434.0,55654.0,31432.0,38620.0,54647.0,62010.0,75797,93462.0,121274.0,121926.0,10735.0,621.0,27.0,0.0,15.0,Patriot
Jeep / Kaiser-Jeep / Willys- Jeep,0.0,0.0,0.0,0.0,0.0,0.0,0.0,0.0,0,0.0,60864.0,106606.0,103434.0,97062.0,76886.0,62847.0,47138.0,Renegade
Jeep / Kaiser-Jeep / Willys- Jeep,0.0,0.0,0.0,0.0,0.0,0.0,0.0,0.0,0,0.0,0.0,0.0,0.0,0.0,0.0,0.0,5349.0,Wagoneer
Jeep / Kaiser-Jeep / Willys- Jeep,79017.0,80271.0,119243.0,84615.0,82044.0,94310.0,122460.0,141669.0,155502,175328.0,202266.0,191774.0,190522.0,240032.0,228042.0,201310.0,204610.0,Wrangler
KIA,18668.0,9594.0,5522.0,3614.0,3704.0,281.0,0.0,0.0,0,0.0,0.0,0.0,0.0,0.0,0.0,0.0,0.0,Amanti
KIA,0.0,0.0,0.0,1869.0,10530.0,9835.0,0.0,0.0,0,0.0,0.0,0.0,0.0,0.0,0.0,0.0,0.0,Borrego
KIA,0.0,0.0,0.0,0.0,0.0,0.0,0.0,0.0,8626,9267.0,7343.0,4738.0,7249.0,4507.0,1577.0,1265.0,249.0,Cadenza
KIA,0.0,0.0,0.0,0.0,0.0,0.0,0.0,0.0,0,0.0,0.0,0.0,0.0,0.0,0.0,0.0,10530.0,Carnival
KIA,0.0,0.0,0.0,0.0,26328.0,68500.0,76295.0,75681.0,66146,69336.0,78919.0,103292.0,117596.0,101890.0,95683.0,84997.0,113051.0,Forte
KIA,0.0,0.0,0.0,0.0,0.0,0.0,0.0,0.0,0,0.0,0.0,0.0,0.0,0.0,0.0,31656.0,77195.0,K5
KIA,0.0,0.0,0.0,0.0,0.0,0.0,0.0,0.0,0,1330.0,2524.0,834.0,455.0,354.0,392.0,305.0,85.0,K900
KIA,0.0,0.0,0.0,0.0,0.0,0.0,0.0,0.0,0,0.0,0.0,0.0,27237.0,28232.0,24421.0,17434.0,26192.0,Niro
KIA,41349.0,38408.0,40901.0,44904.0,37527.0,27382.0,84590.0,152399.0,155893,159020.0,159414.0,124203.0,107493.0,101603.0,96050.0,48484.0,16.0,Optima
KIA,30290.0,28388.0,33370.0,36532.0,34666.0,24619.0,20111.0,40275.0,40742,35933.0,23742.0,28700.0,16760.0,22975.0,24509.0,23927.0,31362.0,Rio
KIA,0.0,594.0,26020.0,28645.0,14206.0,3588.0,0.0,0.0,0,0.0,0.0,0.0,0.0,0.0,0.0,0.0,0.0,Rondo
KIA,52837.0,57018.0,40493.0,26915.0,27398.0,21823.0,24047.0,17512.0,7079,14567.0,36755.0,44264.0,23815.0,17928.0,15843.0,13190.0,14625.0,Sedona
KIA,0.0,0.0,0.0,0.0,0.0,0.0,0.0,0.0,0,0.0,0.0,0.0,0.0,0.0,0.0,46280.0,51368.0,Seltos
KIA,47610.0,50672.0,36300.0,29699.0,24460.0,108985.0,130235.0,119597.0,105649,102520.0,116249.0,114733.0,99684.0,107846.0,96531.0,74677.0,81785.0,Sorento
KIA,0.0,0.0,0.0,0.0,31621.0,67110.0,102267.0,115778.0,118079,145316.0,147133.0,145768.0,115712.0,104709.0,97814.0,71772.0,75126.0,Soul
KIA,56088.0,72557.0,73474.0,68465.0,47114.0,272.0,0.0,0.0,0,0.0,0.0,0.0,0.0,0.0,0.0,0.0,0.0,Spectra
KIA,29009.0,37071.0,49393.0,32754.0,42509.0,23873.0,47463.0,36357.0,32965,42945.0,53739.0,81066.0,72824.0,82823.0,88977.0,84343.0,88688.0,Sportage
KIA,0.0,0.0,0.0,0.0,0.0,0.0,0.0,0.0,0,0.0,0.0,0.0,843.0,16806.0,13884.0,12556.0,13517.0,Stinger
KIA,0.0,0.0,0.0,0.0,0.0,0.0,0.0,0.0,0,0.0,0.0,0.0,0.0,0.0,58932.0,75119.0,93705.0,Telluride
Land Rover,0.0,0.0,0.0,0.0,0.0,0.0,0.0,0.0,0,0.0,0.0,0.0,0.0,0.0,0.0,9100.0,19080.0,Defender
Land Rover,817.0,0.0,0.0,0.0,0.0,0.0,0.0,0.0,0,0.0,0.0,0.0,0.0,0.0,0.0,0.0,0.0,Discovery
Land Rover,0.0,0.0,0.0,0.0,0.0,0.0,0.0,0.0,0,0.0,0.0,0.0,6398.0,9842.0,9184.0,5811.0,4398.0,Discovery / LR4
Land Rover,0.0,0.0,0.0,0.0,0.0,0.0,0.0,0.0,0,0.0,7611.0,14243.0,14187.0,12035.0,12337.0,7760.0,7222.0,Discovery Sport
Land Rover,2141.0,42.0,1.0,0.0,0.0,0.0,0.0,0.0,0,0.0,0.0,0.0,0.0,0.0,0.0,0.0,0.0,Freelander
Land Rover,0.0,0.0,9205.0,5618.0,4433.0,3649.0,2777.0,3113.0,3315,3619.0,77.0,3.0,0.0,0.0,0.0,0.0,0.0,LR2
Land Rover,19346.0,16930.0,11039.0,4039.0,3197.0,0.0,0.0,0.0,0,0.0,0.0,0.0,0.0,0.0,0.0,0.0,0.0,LR3
Land Rover,0.0,0.0,0.0,0.0,0.0,7122.0,7984.0,7316.0,7093,4679.0,9031.0,10772.0,0.0,0.0,0.0,0.0,0.0,LR4
Land Rover,13430.0,12044.0,12316.0,8602.0,8228.0,8746.0,9761.0,7843.0,12221,12830.0,17821.0,16155.0,16869.0,19030.0,18831.0,13982.0,17285.0,Range Rover
Land Rover,0.0,0.0,0.0,0.0,0.0,0.0,2244.0,8901.0,11405,12440.0,14583.0,11076.0,11979.0,9917.0,11529.0,10510.0,7181.0,Range Rover Evoque
Land Rover,10441.0,18757.0,16989.0,11459.0,10448.0,12347.0,15333.0,16491.0,15976,17897.0,21459.0,21612.0,19153.0,24282.0,25768.0,20053.0,21341.0,Range Rover Sport
Land Rover,0.0,0.0,0.0,0.0,0.0,0.0,0.0,0.0,0,0.0,0.0,0.0,6153.0,17037.0,17087.0,12817.0,13271.0,Range Rover Velar
Lexus,0.0,0.0,0.0,0.0,0.0,0.0,14381.0,17673.0,15071,17673.0,14657.0,8903.0,4690.0,0.0,0.0,0.0,0.0,CT
Lexus,67577.0,75987.0,82867.0,64135.0,48485.0,48652.0,40873.0,56158.0,72581,72508.0,64969.0,58299.0,51398.0,48482.0,51336.0,43292.0,45406.0,ES
Lexus,33457.0,27390.0,23381.0,15759.0,7430.0,7059.0,3746.0,22160.0,19742,22198.0,23117.0,14878.0,7773.0,6604.0,3378.0,2560.0,76.0,GS
Lexus,34339.0,25454.0,23035.0,16424.0,6235.0,16450.0,11609.0,11039.0,12136,22685.0,25212.0,25148.0,27190.0,26724.0,25945.0,28519.0,32509.0,GX
Lexus,0.0,0.0,0.0,0.0,6699.0,10663.0,2864.0,649.0,5,0.0,0.0,0.0,0.0,0.0,0.0,0.0,0.0,HS250h
Lexus,15789.0,54267.0,54933.0,49432.0,38077.0,34129.0,29669.0,27708.0,35017,51358.0,46430.0,37289.0,26482.0,22927.0,14920.0,13600.0,21998.0,IS
Lexus,0.0,0.0,0.0,0.0,0.0,0.0,0.0,0.0,0,0.0,0.0,0.0,2487.0,1979.0,1219.0,1293.0,2782.0,LC
Lexus,0.0,0.0,0.0,0.0,0.0,0.0,62.0,46.0,23,17.0,9.0,6.0,3.0,0.0,0.0,3.0,0.0,LFA
Lexus,26043.0,19546.0,35226.0,20255.0,11334.0,12275.0,9568.0,8345.0,10727,8559.0,7165.0,5514.0,4094.0,9301.0,5528.0,3650.0,3739.0,LS
Lexus,8555.0,5595.0,2468.0,7915.0,3616.0,3983.0,3167.0,5005.0,4625,4052.0,3884.0,5707.0,6004.0,4753.0,4718.0,4512.0,26016.0,LX
Lexus,0.0,0.0,0.0,0.0,0.0,0.0,0.0,0.0,0,2927.0,43764.0,54884.0,59341.0,62079.0,58715.0,55784.0,58514.0,NX
Lexus,0.0,0.0,0.0,0.0,0.0,0.0,0.0,0.0,0,1922.0,14784.0,11165.0,7363.0,3358.0,4591.0,3808.0,2987.0,RC
Lexus,108775.0,108348.0,103340.0,84181.0,93379.0,95790.0,82595.0,95381.0,103920,107490.0,100610.0,109435.0,108307.0,111636.0,111036.0,101059.0,115320.0,RX
Lexus,8360.0,5847.0,3927.0,1986.0,720.0,328.0,18.0,2.0,0,0.0,0.0,0.0,0.0,0.0,0.0,0.0,0.0,SC430
Lexus,0.0,0.0,0.0,0.0,0.0,0.0,0.0,0.0,0,0.0,0.0,0.0,0.0,453.0,16723.0,16962.0,17581.0,UX
Lincoln,15873.0,0.0,0.0,0.0,0.0,0.0,0.0,0.0,0,0.0,0.0,0.0,0.0,0.0,8324.0,23080.0,20924.0,Aviator
Lincoln,0.0,0.0,0.0,0.0,0.0,0.0,0.0,0.0,0,0.0,0.0,5261.0,12012.0,8758.0,6587.0,5256.0,1460.0,Continental
Lincoln,19109.0,0.0,0.0,0.0,0.0,0.0,0.0,0.0,0,0.0,0.0,0.0,0.0,0.0,0.0,0.0,0.0,LS
Lincoln,10274.0,12753.0,8382.0,4631.0,147.0,0.0,0.0,0.0,0,0.0,0.0,0.0,0.0,0.0,0.0,0.0,0.0,Mark LT
Lincoln,0.0,0.0,0.0,0.0,0.0,0.0,0.0,0.0,0,13077.0,24590.0,25562.0,27048.0,26241.0,25816.0,26226.0,22790.0,MKC
Lincoln,0.0,0.0,0.0,12982.0,17174.0,14417.0,12217.0,12524.0,10793,8160.0,6877.0,4951.0,153.0,0.0,0.0,0.0,0.0,MKS
Lincoln,0.0,0.0,0.0,0.0,2580.0,7435.0,5024.0,7094.0,6014,4800.0,4696.0,4028.0,3005.0,2324.0,3388.0,329.0,0.0,MKT
Lincoln,0.0,859.0,37953.0,29076.0,21433.0,21932.0,23395.0,25107.0,23913,23995.0,22199.0,30967.0,31031.0,0.0,0.0,0.0,0.0,MKX
Lincoln,0.0,0.0,0.0,0.0,0.0,0.0,0.0,0.0,0,0.0,0.0,0.0,0.0,28573.0,31610.0,22743.0,25443.0,MKX/Nautilus
Lincoln,25844.0,23947.0,24050.0,14836.0,8057.0,8245.0,8018.0,8371.0,8613,10433.0,11964.0,10421.0,10523.0,17839.0,18656.0,15253.0,15631.0,Navigator
Lincoln,47122.0,39295.0,26739.0,15653.0,11375.0,11264.0,9460.0,1001.0,0,0.0,0.0,0.0,0.0,0.0,0.0,0.0,0.0,Town Car
Lincoln,4985.0,33114.0,34363.0,30117.0,22081.0,22535.0,27529.0,28053.0,32361,34009.0,30901.0,30534.0,27387.0,19852.0,17726.0,12518.0,1681.0,Zephyr/MKZ
Other Import,0.0,0.0,0.0,0.0,0.0,0.0,0.0,0.0,0,0.0,7922.0,7100.0,5531.0,0.0,0.0,0.0,0.0,Maserati
Other Import,0.0,0.0,0.0,0.0,0.0,0.0,0.0,0.0,0,0.0,1373.0,1249.0,1018.0,0.0,0.0,0.0,0.0,Maserati
Other Import,0.0,0.0,0.0,0.0,0.0,0.0,0.0,0.0,0,0.0,0.0,1917.0,5448.0,0.0,0.0,0.0,0.0,Maserati
Other Import,0.0,0.0,0.0,0.0,0.0,0.0,0.0,0.0,0,0.0,2398.0,2268.0,1700.0,0.0,0.0,0.0,0.0,Maserati
Mazda,0.0,0.0,0.0,0.0,0.0,3021.0,13952.0,19315.0,11757,13615.0,297.0,3.0,0.0,0.0,0.0,3256.0,0.0,2
Mazda,97388.0,94437.0,120291.0,109957.0,96466.0,106353.0,102417.0,123361.0,104713,104985.0,107884.0,95567.0,75018.0,64638.0,50741.0,30352.0,41845.0,3
Mazda,4761.0,17109.0,13718.0,22021.0,18488.0,15683.0,19155.0,14640.0,13884,11613.0,8609.0,375.0,10.0,0.0,0.0,0.0,60.0,5
Mazda,71447.0,66203.0,57575.0,52590.0,34866.0,35662.0,35711.0,33756.0,43637,53224.0,57898.0,45520.0,33402.0,30938.0,21524.0,16204.0,18504.0,6
Mazda,2.0,0.0,0.0,0.0,0.0,0.0,0.0,0.0,0,0.0,0.0,0.0,0.0,0.0,0.0,0.0,0.0,626
Mazda,5872.0,4086.0,2657.0,1319.0,573.0,10.0,0.0,0.0,0,0.0,0.0,0.0,0.0,0.0,0.0,0.0,0.0,B-Series
Mazda,0.0,0.0,0.0,0.0,0.0,0.0,0.0,0.0,0,0.0,6406.0,18557.0,16355.0,16899.0,16229.0,8335.0,6374.0,CX-3
Mazda,0.0,0.0,0.0,0.0,0.0,0.0,0.0,0.0,0,0.0,0.0,0.0,0.0,0.0,899.0,38064.0,55180.0,CX-30
Mazda,0.0,0.0,0.0,0.0,0.0,0.0,0.0,43319.0,79544,99122.0,111450.0,112235.0,127563.0,150622.0,154543.0,146420.0,163940.0,CX-5
Mazda,0.0,22325.0,41659.0,26811.0,20583.0,28788.0,35641.0,11326.0,0,0.0,0.0,0.0,0.0,0.0,0.0,0.0,0.0,CX-7
Mazda,0.0,0.0,25566.0,26100.0,21132.0,28908.0,34421.0,24442.0,24628,18496.0,18048.0,16051.0,25828.0,28257.0,26861.0,27638.0,31803.0,CX-9
Mazda,17634.0,11600.0,122.0,0.0,0.0,0.0,0.0,0.0,0,0.0,0.0,0.0,0.0,0.0,0.0,0.0,0.0,MPV
Mazda,0.0,0.0,0.0,0.0,0.0,0.0,0.0,0.0,0,0.0,0.0,0.0,0.0,0.0,0.0,0.0,61.0,MX-30
Mazda,9801.0,16897.0,15075.0,10977.0,7917.0,6370.0,5674.0,6305.0,5780,4745.0,8591.0,9465.0,11294.0,8971.0,7753.0,8807.0,10470.0,MX-5 Miata
Mazda,14673.0,9343.0,5767.0,3368.0,2217.0,1134.0,759.0,80.0,1,1.0,0.0,0.0,0.0,0.0,0.0,0.0,0.0,RX-8
Mazda,36761.0,26785.0,13680.0,10806.0,5525.0,3637.0,2696.0,502.0,2,0.0,0.0,0.0,0.0,0.0,0.0,0.0,0.0,Tribute
Mercedes-Benz,0.0,0.0,0.0,0.0,0.0,0.0,0.0,0.0,0,0.0,1277.0,1227.0,1608.0,0.0,0.0,0.0,0.0,AMG GT S
Mercedes-Benz,0.0,0.0,0.0,0.0,0.0,0.0,0.0,0.0,0,0.0,0.0,0.0,0.0,0.0,15944.0,15333.0,8108.0,A-Class
Mercedes-Benz,0.0,0.0,0.0,0.0,0.0,0.0,0.0,0.0,0,0.0,0.0,0.0,0.0,1525.0,4048.0,3303.0,3109.0,AMG GT
Mercedes-Benz,0.0,0.0,0.0,0.0,0.0,1.0,19.0,29.0,20,776.0,1906.0,632.0,744.0,0.0,0.0,0.0,0.0,B-Class
Mercedes-Benz,60658.0,50187.0,63701.0,72471.0,52427.0,58785.0,69314.0,81697.0,88251,75065.0,86080.0,77167.0,77447.0,54829.0,48875.0,25119.0,30816.0,C-Class
Mercedes-Benz,0.0,0.0,0.0,0.0,0.0,0.0,0.0,0.0,14113,27365.0,29643.0,25792.0,20669.0,26269.0,13212.0,11644.0,6823.0,CLA-Class
Mercedes-Benz,1320.0,1312.0,3672.0,2733.0,1220.0,1035.0,943.0,723.0,476,221.0,52.0,0.0,0.0,0.0,0.0,0.0,0.0,CL-Class
Mercedes-Benz,18227.0,16415.0,15009.0,10844.0,7150.0,585.0,6.0,1.0,0,3.0,0.0,0.0,0.0,0.0,0.0,0.0,0.0,CLK
Mercedes-Benz,14835.0,10763.0,7906.0,5775.0,2527.0,2135.0,5665.0,8065.0,8032,6981.0,0.0,0.0,0.0,0.0,0.0,0.0,0.0,CLS-Class
Mercedes-Benz,0.0,0.0,0.0,0.0,0.0,0.0,0.0,0.0,0,0.0,0.0,0.0,51312.0,46424.0,39858.0,27102.0,20946.0,E / CLS-Class
Mercedes-Benz,50383.0,50195.0,48950.0,38576.0,43072.0,60922.0,62736.0,65171.0,69803,66400.0,0.0,0.0,0.0,0.0,0.0,0.0,0.0,E-Class
Mercedes-Benz,0.0,0.0,0.0,0.0,0.0,0.0,0.0,0.0,0,0.0,55888.0,50896.0,0.0,0.0,0.0,0.0,0.0,E-Class/CLS-Class
Mercedes-Benz,0.0,0.0,0.0,0.0,0.0,0.0,0.0,0.0,0,0.0,0.0,0.0,0.0,0.0,0.0,0.0,443.0,EQS-Sedan
Mercedes-Benz,1334.0,587.0,1152.0,931.0,662.0,919.0,1191.0,1330.0,2494,3090.0,3616.0,3950.0,4188.0,3593.0,6092.0,7723.0,8521.0,G-Class
Mercedes-Benz,0.0,0.0,0.0,0.0,0.0,0.0,0.0,0.0,0,0.0,0.0,0.0,0.0,21973.0,22615.0,22172.0,24465.0,GL/GLS-Class
Mercedes-Benz,0.0,0.0,0.0,0.0,0.0,0.0,0.0,0.0,0,6884.0,25593.0,24545.0,24104.0,24136.0,21514.0,25348.0,14323.0,GLA-Class
Mercedes-Benz,0.0,0.0,0.0,0.0,0.0,0.0,0.0,0.0,0,0.0,0.0,0.0,0.0,0.0,1173.0,23185.0,26676.0,GLB
Mercedes-Benz,0.0,0.0,0.0,0.0,0.0,0.0,0.0,0.0,0,0.0,0.0,0.0,0.0,69729.0,72439.0,52626.0,51805.0,GLC/GLK-Class
Mercedes-Benz,0.0,0.0,0.0,0.0,0.0,0.0,0.0,0.0,0,0.0,0.0,0.0,48643.0,0.0,0.0,0.0,0.0,GLC-Class
Mercedes-Benz,0.0,0.0,0.0,0.0,0.0,0.0,0.0,0.0,0,0.0,27902.0,47872.0,0.0,0.0,0.0,0.0,0.0,GLC-Class & GLK-Class
Mercedes-Benz,0.0,18776.0,26396.0,23328.0,15012.0,19943.0,25139.0,26042.0,29912,26597.0,0.0,0.0,0.0,0.0,0.0,0.0,0.0,GL-Class
Mercedes-Benz,0.0,0.0,0.0,0.0,0.0,0.0,0.0,0.0,0,0.0,0.0,0.0,54595.0,46010.0,48664.0,48153.0,65073.0,GLE-Class
Mercedes-Benz,0.0,0.0,0.0,0.0,0.0,0.0,0.0,0.0,0,0.0,53217.0,51791.0,0.0,0.0,0.0,0.0,0.0,GLE-Class & M-Class
Mercedes-Benz,0.0,0.0,0.0,0.0,21944.0,20946.0,24310.0,29364.0,32553,35000.0,0.0,0.0,0.0,0.0,0.0,0.0,0.0,GLK-Class
Mercedes-Benz,0.0,0.0,0.0,0.0,0.0,0.0,0.0,0.0,0,0.0,27707.0,30442.0,32248.0,0.0,0.0,0.0,0.0,GLS-Class GL-Class
Mercedes-Benz,34959.0,31632.0,33879.0,34320.0,25799.0,29698.0,35835.0,38101.0,41326,46726.0,0.0,0.0,0.0,0.0,0.0,0.0,0.0,M-Class
Mercedes-Benz,0.0,0.0,0.0,0.0,0.0,0.0,0.0,0.0,0,0.0,0.0,0.0,7579.0,7800.0,11718.0,12994.0,13054.0,Metris
Mercedes-Benz,4959.0,18168.0,13031.0,7733.0,2825.0,2937.0,2385.0,1473.0,30,8.0,0.0,0.0,0.0,0.0,0.0,0.0,0.0,R-Class
Mercedes-Benz,16036.0,30886.0,26081.0,17787.0,11199.0,13608.0,12258.0,11794.0,13303,25276.0,21936.0,18803.0,15888.0,14978.0,12503.0,8589.0,14284.0,S-Class
Mercedes-Benz,0.0,0.0,0.0,0.0,0.0,0.0,0.0,0.0,0,0.0,0.0,0.0,2860.0,1993.0,1916.0,2121.0,225.0,SLC-Class
Mercedes-Benz,10080.0,8462.0,6126.0,5464.0,4025.0,2385.0,1449.0,4899.0,7007,5030.0,4060.0,3722.0,2940.0,2126.0,1791.0,1783.0,460.0,SL-Class
Mercedes-Benz,11278.0,10410.0,7270.0,4941.0,2566.0,1980.0,3220.0,4595.0,4757,4737.0,0.0,0.0,0.0,0.0,0.0,0.0,0.0,SLK-Class
Mercedes-Benz,0.0,0.0,0.0,0.0,0.0,0.0,0.0,0.0,0,0.0,4182.0,3397.0,0.0,0.0,0.0,0.0,0.0,SLK-Class/SLC-Class
Mercedes-Benz,200.0,141.0,104.0,0.0,0.0,0.0,0.0,0.0,0,0.0,0.0,0.0,0.0,0.0,0.0,0.0,0.0,SLR McLaren
Mercedes-Benz,0.0,0.0,0.0,0.0,0.0,499.0,722.0,800.0,451,232.0,29.0,1.0,0.0,0.0,0.0,0.0,0.0,SLS AMG
Mercedes-Benz,0.0,0.0,0.0,0.0,0.0,0.0,0.0,0.0,21816,25745.0,0.0,0.0,27415.0,27564.0,29757.0,37513.0,40534.0,Sprinter
Mercedes-Benz,0.0,0.0,0.0,0.0,0.0,0.0,0.0,0.0,0,0.0,29889.0,34304.0,0.0,0.0,0.0,0.0,0.0,Sprinter/Metris
Mercury,64716.0,54688.0,50664.0,29766.0,24783.0,28543.0,0.0,0.0,0,0.0,0.0,0.0,0.0,0.0,0.0,0.0,0.0,Grand Marquis
Mercury,34099.0,33941.0,34844.0,32306.0,28688.0,29912.0,0.0,0.0,0,0.0,0.0,0.0,0.0,0.0,0.0,0.0,0.0,Mariner
Mercury,5321.0,35853.0,37244.0,31393.0,27403.0,28912.0,0.0,0.0,0,0.0,0.0,0.0,0.0,0.0,0.0,0.0,0.0,Milan
Mercury,27007.0,22332.0,10755.0,0.0,0.0,0.0,0.0,0.0,0,0.0,0.0,0.0,0.0,0.0,0.0,0.0,0.0,Montego
Mercury,8166.0,4467.0,700.0,0.0,0.0,0.0,0.0,0.0,0,0.0,0.0,0.0,0.0,0.0,0.0,0.0,0.0,Monterey
Mercury,32491.0,29567.0,23849.0,10596.0,5169.0,5791.0,0.0,0.0,0,0.0,0.0,0.0,0.0,0.0,0.0,0.0,0.0,Mountaineer
Mercury,24149.0,0.0,10366.0,16187.0,6256.0,37.0,0.0,0.0,0,0.0,0.0,0.0,0.0,0.0,0.0,0.0,0.0,Sable
Other Import,40820.0,39171.0,42045.0,54077.0,45225.0,45644.0,0.0,0.0,0,0.0,0.0,0.0,32232.0,26119.0,22123.0,18684.0,22970.0,Mini Cooper
Other Import,0.0,0.0,0.0,0.0,0.0,0.0,6844.0,5769.0,5155,2613.0,462.0,12204.0,0.0,0.0,0.0,0.0,0.0,Mini Cooper
Other Import,0.0,0.0,0.0,0.0,0.0,0.0,4964.0,4813.0,4460,3536.0,3098.0,4584.0,0.0,0.0,0.0,0.0,0.0,Mini Cooper
Other Import,0.0,0.0,0.0,0.0,0.0,0.0,953.0,2880.0,2540,956.0,460.0,8.0,0.0,0.0,0.0,0.0,0.0,Mini Cooper
Other Import,0.0,0.0,0.0,0.0,0.0,0.0,28067.0,29278.0,26954,22843.0,0.0,0.0,0.0,0.0,0.0,0.0,0.0,Mini Cooper
Other Import,0.0,0.0,0.0,0.0,0.0,0.0,0.0,0.0,0,0.0,19808.0,11264.0,0.0,0.0,0.0,0.0,0.0,Mini Cooper
Other Import,0.0,0.0,0.0,0.0,0.0,0.0,0.0,0.0,0,0.0,15189.0,11174.0,0.0,0.0,0.0,0.0,0.0,Mini Cooper
Other Import,0.0,0.0,0.0,0.0,0.0,0.0,0.0,2371.0,2806,1437.0,1103.0,5.0,0.0,0.0,0.0,0.0,0.0,Mini Cooper
Mini Countryman,0.0,0.0,0.0,0.0,0.0,0.0,16683.0,21012.0,21325,22645.0,16686.0,12706.0,14864.0,17565.0,14042.0,9363.0,12198.0,Mini Countryman
Mini Paceman,0.0,0.0,0.0,0.0,0.0,0.0,0.0,0.0,3262,2082.0,1708.0,85.0,9.0,0.0,0.0,0.0,0.0,Mini Paceman
Mitsubishi,160.0,0.0,0.0,0.0,0.0,0.0,0.0,0.0,0,0.0,0.0,0.0,0.0,0.0,0.0,0.0,0.0,Diamante
Mitsubishi,24487.0,33003.0,27292.0,20107.0,6672.0,4282.0,4455.0,712.0,109,0.0,0.0,0.0,0.0,0.0,0.0,0.0,0.0,Eclipse
Mitsubishi,0.0,0.0,0.0,0.0,0.0,0.0,0.0,0.0,0,0.0,0.0,0.0,0.0,9485.0,19661.0,10319.0,8946.0,Eclipse Cross
Mitsubishi,0.0,0.0,0.0,0.0,0.0,0.0,3091.0,461.0,0,0.0,0.0,0.0,0.0,0.0,0.0,0.0,0.0,Eclipse Spyder
Mitsubishi,20994.0,14017.0,11886.0,5938.0,3228.0,4294.0,9658.0,501.0,24,0.0,0.0,0.0,0.0,0.0,0.0,0.0,0.0,Endeavor
Mitsubishi,33976.0,27673.0,26491.0,26941.0,11740.0,11492.0,15631.0,13261.0,1441,122.0,0.0,0.0,0.0,0.0,0.0,0.0,0.0,Galant
Mitsubishi,0.0,0.0,0.0,0.0,0.0,0.0,80.0,588.0,1029,196.0,115.0,94.0,6.0,0.0,0.0,0.0,0.0,i-MiEV
Mitsubishi,27849.0,23167.0,31376.0,27861.0,20117.0,21416.0,19874.0,16426.0,19451,16495.0,17691.0,14304.0,12725.0,0.0,0.0,0.0,0.0,Lancer
Mitsubishi,0.0,0.0,0.0,0.0,0.0,0.0,0.0,0.0,2935,16708.0,21515.0,22226.0,22386.0,24316.0,26966.0,19135.0,22743.0,Mirage
Mitsubishi,2778.0,1609.0,401.0,4.0,2.0,0.0,0.0,0.0,0,0.0,0.0,0.0,0.0,0.0,0.0,0.0,0.0,Montero
Mitsubishi,758.0,0.0,0.0,0.0,0.0,0.0,0.0,0.0,0,0.0,0.0,0.0,0.0,0.0,0.0,0.0,0.0,Montero Sport
Mitsubishi,11848.0,11493.0,23285.0,13471.0,10283.0,12500.0,9788.0,7750.0,12287,13068.0,19055.0,26576.0,35310.0,37952.0,37965.0,27133.0,33883.0,Outlander
Mitsubishi,0.0,0.0,0.0,0.0,0.0,0.0,0.0,0.0,0,0.0,0.0,0.0,99.0,3866.0,2810.0,1964.0,2249.0,Outlander PHEV
Mitsubishi,0.0,0.0,0.0,0.0,0.0,1690.0,16443.0,18091.0,24951,31054.0,36966.0,33067.0,33160.0,36867.0,26144.0,28835.0,34214.0,Outlander Sport
Mitsubishi,1145.0,7595.0,8262.0,2935.0,1944.0,9.0,0.0,0.0,0,0.0,0.0,0.0,0.0,0.0,0.0,0.0,0.0,Raider
Nissan/Datsun,27278.0,24635.0,18957.0,0.0,0.0,0.0,0.0,0.0,0,0.0,0.0,0.0,0.0,0.0,0.0,0.0,0.0,350Z
Nissan/Datsun,0.0,0.0,0.0,10337.0,13117.0,10215.0,0.0,0.0,0,0.0,0.0,0.0,0.0,0.0,0.0,0.0,0.0,350Z/370Z
Nissan/Datsun,0.0,0.0,0.0,0.0,0.0,0.0,7328.0,7338.0,6561,7199.0,7391.0,5913.0,4614.0,3468.0,2384.0,1955.0,37.0,370Z
Nissan/Datsun,255371.0,232457.0,284762.0,269668.0,203568.0,229263.0,268981.0,302934.0,320723,335644.0,333398.0,307380.0,254996.0,209146.0,209183.0,137988.0,103776.0,Altima
Nissan/Datsun,39508.0,32864.0,31632.0,15685.0,9903.0,19344.0,18331.0,18072.0,14383,12593.0,12737.0,14035.0,35667.0,32650.0,32044.0,19638.0,22815.0,Armada
Nissan/Datsun,0.0,0.0,0.0,0.0,21471.0,22968.0,14459.0,7667.0,5461,3785.0,943.0,15.0,0.0,0.0,0.0,0.0,0.0,Cube
Nissan/Datsun,72838.0,77510.0,64397.0,44997.0,28415.0,40427.0,51700.0,55435.0,62837,74323.0,62817.0,86926.0,74360.0,79646.0,72369.0,54817.0,60697.0,Frontier
Nissan/Datsun,0.0,0.0,0.0,1730.0,1534.0,877.0,1294.0,1188.0,1236,1436.0,1105.0,698.0,578.0,538.0,331.0,303.0,228.0,GT-R
Nissan/Datsun,0.0,0.0,0.0,0.0,0.0,8639.0,35886.0,36358.0,38157,38184.0,27121.0,19577.0,10157.0,0.0,0.0,0.0,0.0,Juke
Nissan/Datsun,0.0,0.0,0.0,0.0,0.0,0.0,0.0,0.0,0,0.0,0.0,0.0,0.0,23312.0,58193.0,58858.0,82960.0,Kicks
Nissan/Datsun,0.0,0.0,0.0,0.0,0.0,19.0,9674.0,9819.0,22610,30200.0,17269.0,14006.0,11230.0,14715.0,12365.0,9559.0,14237.0,Leaf
Nissan/Datsun,75425.0,69763.0,52574.0,47072.0,53351.0,60569.0,58737.0,59349.0,53896,50401.0,40359.0,62670.0,67627.0,42337.0,35076.0,18141.0,16386.0,Maxima
Nissan/Datsun,74454.0,81362.0,76358.0,71401.0,52546.0,53999.0,53626.0,51675.0,44684,47301.0,62907.0,86953.0,76732.0,83547.0,68361.0,58256.0,46115.0,Murano
Nissan/Datsun,0.0,0.0,0.0,0.0,0.0,0.0,0.0,0.0,12589,14890.0,16958.0,17873.0,17858.0,16902.0,20022.0,15248.0,11374.0,NV
Nissan/Datsun,0.0,0.0,0.0,0.0,0.0,0.0,0.0,0.0,4619,13385.0,17317.0,18523.0,18602.0,18628.0,18768.0,17126.0,17359.0,NV200
Nissan/Datsun,76156.0,73124.0,63056.0,33555.0,18341.0,21438.0,25935.0,42621.0,88632,79111.0,82041.0,81701.0,81065.0,67550.0,65691.0,48579.0,41324.0,Pathfinder
Nissan/Datsun,40357.0,31905.0,28590.0,18252.0,8437.0,177.0,12199.0,18275.0,12874,9833.0,11018.0,11115.0,4950.0,0.0,0.0,0.0,0.0,Quest
Nissan/Datsun,0.0,0.0,17808.0,73053.0,77222.0,99515.0,124543.0,142349.0,162751,199199.0,287190.0,329904.0,403465.0,412110.0,350447.0,227936.0,285601.0,Rogue
Nissan/Datsun,119489.0,117922.0,106522.0,99797.0,82706.0,94065.0,114991.0,106395.0,129143,183268.0,203509.0,214709.0,218451.0,213046.0,184618.0,94645.0,127862.0,Sentra
Nissan/Datsun,86945.0,72192.0,65746.0,34053.0,19042.0,23416.0,21994.0,21576.0,15691,12527.0,12140.0,21880.0,52924.0,50459.0,31514.0,26441.0,27406.0,Titan
Nissan/Datsun,0.0,22044.0,79443.0,85182.0,82906.0,99705.0,99730.0,113327.0,117352,139781.0,144528.0,132214.0,106772.0,75809.0,66596.0,48272.0,60913.0,Versa
Nissan/Datsun,72447.0,62325.0,51355.0,33579.0,16455.0,20523.0,18221.0,17222.0,17766,16505.0,10672.0,38.0,1.0,0.0,0.0,0.0,0.0,Xterra
Oldsmobile,1382.0,0.0,0.0,0.0,0.0,0.0,0.0,0.0,0,0.0,0.0,0.0,0.0,0.0,0.0,0.0,0.0,Alero
Oldsmobile,18.0,0.0,0.0,0.0,0.0,0.0,0.0,0.0,0,0.0,0.0,0.0,0.0,0.0,0.0,0.0,0.0,Aurora
Oldsmobile,327.0,0.0,0.0,0.0,0.0,0.0,0.0,0.0,0,0.0,0.0,0.0,0.0,0.0,0.0,0.0,0.0,Bravada
Oldsmobile,139.0,0.0,0.0,0.0,0.0,0.0,0.0,0.0,0,0.0,0.0,0.0,0.0,0.0,0.0,0.0,0.0,Silhouette
Pontiac,5020.0,347.0,25.0,0.0,0.0,0.0,0.0,0.0,0,0.0,0.0,0.0,0.0,0.0,0.0,0.0,0.0,Aztek
Pontiac,10037.0,1160.0,130.0,0.0,0.0,0.0,0.0,0.0,0,0.0,0.0,0.0,0.0,0.0,0.0,0.0,0.0,Bonneville
Pontiac,0.0,0.0,0.0,0.0,6223.0,14.0,0.0,0.0,0,0.0,0.0,0.0,0.0,0.0,0.0,0.0,0.0,G3
Pontiac,0.0,7902.0,27928.0,25439.0,12362.0,87.0,0.0,0.0,0,0.0,0.0,0.0,0.0,0.0,0.0,0.0,0.0,G5
Pontiac,124844.0,157644.0,150001.0,140240.0,87171.0,479.0,0.0,0.0,0,0.0,0.0,0.0,0.0,0.0,0.0,0.0,0.0,G6
Pontiac,0.0,0.0,0.0,15002.0,23157.0,274.0,0.0,0.0,0,0.0,0.0,0.0,0.0,0.0,0.0,0.0,0.0,G8
Pontiac,31613.0,828.0,99.0,0.0,0.0,0.0,0.0,0.0,0,0.0,0.0,0.0,0.0,0.0,0.0,0.0,0.0,Grand Am
Pontiac,122398.0,108634.0,87622.0,8636.0,265.0,7.0,0.0,0.0,0,0.0,0.0,0.0,0.0,0.0,0.0,0.0,0.0,Grand Prix
Pontiac,11590.0,11268.0,4200.0,0.0,0.0,0.0,0.0,0.0,0,0.0,0.0,0.0,0.0,0.0,0.0,0.0,0.0,GTO
Pontiac,3732.0,388.0,26.0,0.0,0.0,0.0,0.0,0.0,0,0.0,0.0,0.0,0.0,0.0,0.0,0.0,0.0,Montana
Pontiac,23439.0,13100.0,1359.0,0.0,0.0,0.0,0.0,0.0,0,0.0,0.0,0.0,0.0,0.0,0.0,0.0,0.0,Montana SV6
Pontiac,5445.0,19710.0,16779.0,10739.0,5642.0,157.0,0.0,0.0,0,0.0,0.0,0.0,0.0,0.0,0.0,0.0,0.0,Solstice
Pontiac,25114.0,853.0,39.0,0.0,0.0,0.0,0.0,0.0,0,0.0,0.0,0.0,0.0,0.0,0.0,0.0,0.0,Sunfire
Pontiac,0.0,43174.0,32644.0,20625.0,9638.0,0.0,0.0,0.0,0,0.0,0.0,0.0,0.0,0.0,0.0,0.0,0.0,Torrent
Pontiac,64271.0,45221.0,37170.0,46551.0,33842.0,97.0,0.0,0.0,0,0.0,0.0,0.0,0.0,0.0,0.0,0.0,0.0,Vibe
Porsche,0.0,0.0,0.0,0.0,0.0,0.0,0.0,0.0,0,0.0,0.0,0.0,0.0,5276.0,3880.0,3447.0,4656.0,718
Porsche,10107.0,12045.0,12493.0,8324.0,6839.0,5737.0,6016.0,8528.0,10442,10433.0,9898.0,8901.0,8970.0,9783.0,9265.0,8839.0,9167.0,911
Porsche,0.0,0.0,0.0,0.0,0.0,0.0,0.0,0.0,0,96.0,203.0,1.0,0.0,0.0,0.0,0.0,0.0,918 Spyder
Porsche,7879.0,4503.0,3622.0,2982.0,1909.0,2177.0,1773.0,2894.0,4570,3875.0,3102.0,2670.0,2287.0,0.0,0.0,0.0,0.0,Boxster
Porsche,340.0,85.0,4.0,0.0,0.0,0.0,0.0,0.0,0,0.0,0.0,0.0,0.0,0.0,0.0,0.0,0.0,Carrera GT
Porsche,13607.0,10569.0,12547.0,11216.0,7735.0,8343.0,12978.0,15545.0,18507,16205.0,16473.0,15383.0,13203.0,11106.0,19001.0,18092.0,21048.0,Cayenne
Porsche,0.0,7025.0,6027.0,3513.0,1966.0,1322.0,1377.0,462.0,3383,3417.0,3561.0,3590.0,2800.0,0.0,0.0,0.0,0.0,Cayman
Porsche,0.0,0.0,0.0,0.0,0.0,0.0,0.0,0.0,0,7241.0,13533.0,19332.0,21429.0,22954.0,22667.0,18633.0,22002.0,Macan
Porsche,0.0,0.0,0.0,0.0,1247.0,7741.0,6879.0,7614.0,5421,5740.0,4986.0,4403.0,6431.0,8114.0,6625.0,3871.0,3555.0,Panamera
Porsche,0.0,0.0,0.0,0.0,0.0,0.0,0.0,0.0,0,0.0,0.0,0.0,0.0,0.0,130.0,4404.0,8747.0,Taycan
Saab,5940.0,1435.0,118.0,0.0,0.0,0.0,0.0,0.0,0,0.0,0.0,0.0,0.0,0.0,0.0,0.0,0.0,9-2X
Saab,24108.0,24134.0,22979.0,15167.0,5428.0,4533.0,0.0,0.0,0,0.0,0.0,0.0,0.0,0.0,0.0,0.0,0.0,9-3
Saab,6023.0,4991.0,4357.0,2538.0,1034.0,811.0,0.0,0.0,0,0.0,0.0,0.0,0.0,0.0,0.0,0.0,0.0,9-5
Saab,2272.0,5789.0,5257.0,3660.0,2218.0,102.0,0.0,0.0,0,0.0,0.0,0.0,0.0,0.0,0.0,0.0,0.0,9-7X
Saturn,0.0,0.0,0.0,11968.0,6298.0,25.0,0.0,0.0,0,0.0,0.0,0.0,0.0,0.0,0.0,0.0,0.0,Astra
Saturn,0.0,19746.0,59964.0,59380.0,21395.0,644.0,0.0,0.0,0,0.0,0.0,0.0,0.0,0.0,0.0,0.0,0.0,Aura
Saturn,100891.0,102042.0,47873.0,315.0,12.0,0.0,0.0,0.0,0,0.0,0.0,0.0,0.0,0.0,0.0,0.0,0.0,Ion
Saturn,5036.0,20.0,2.0,0.0,0.0,0.0,0.0,0.0,0,0.0,0.0,0.0,0.0,0.0,0.0,0.0,0.0,L-Series
Saturn,0.0,144.0,34748.0,25340.0,13115.0,2649.0,0.0,0.0,0,0.0,0.0,0.0,0.0,0.0,0.0,0.0,0.0,Outlook
Saturn,15758.0,7171.0,1474.0,0.0,0.0,0.0,0.0,0.0,0,0.0,0.0,0.0,0.0,0.0,0.0,0.0,0.0,Relay
Saturn,0.0,8671.0,11263.0,9162.0,3399.0,179.0,0.0,0.0,0,0.0,0.0,0.0,0.0,0.0,0.0,0.0,0.0,Sky
Saturn,0.0,88581.0,84767.0,81676.0,28429.0,3201.0,0.0,0.0,0,0.0,0.0,0.0,0.0,0.0,0.0,0.0,0.0,Vue
Scion,0.0,0.0,0.0,0.0,0.0,0.0,0.0,11417.0,18327,14062.0,0.0,0.0,0.0,0.0,0.0,0.0,0.0,FR-S
Scion,0.0,0.0,0.0,0.0,0.0,0.0,248.0,8879.0,4046,2040.0,482.0,6.0,0.0,0.0,0.0,0.0,0.0,iQ
Scion,74415.0,79125.0,63852.0,40980.0,17998.0,15204.0,22433.0,22666.0,19094,17947.0,16459.0,9336.0,0.0,0.0,0.0,0.0,0.0,tC
Scion,28033.0,32603.0,9547.0,39.0,3.0,0.0,0.0,0.0,0,0.0,0.0,0.0,0.0,0.0,0.0,0.0,0.0,xA
Scion,54037.0,61306.0,45834.0,45220.0,25461.0,20364.0,17017.0,19787.0,17849,16583.0,15223.0,2677.0,0.0,0.0,0.0,0.0,0.0,xB
Scion,0.0,0.0,10948.0,27665.0,14499.0,10110.0,9573.0,10756.0,9005,7377.0,794.0,9.0,0.0,0.0,0.0,0.0,0.0,xD
Smart,0.0,0.0,0.0,24622.0,14595.0,5927.0,5208.0,10009.0,9264,10453.0,7484.0,6211.0,3071.0,0.0,0.0,0.0,0.0,Fortwo
Subaru,0.0,0.0,0.0,0.0,0.0,0.0,0.0,0.0,0,0.0,0.0,0.0,0.0,36211.0,81958.0,67623.0,74650.0,Ascent
Subaru,14797.0,0.0,0.0,0.0,0.0,0.0,0.0,0.0,0,0.0,0.0,0.0,0.0,0.0,0.0,0.0,0.0,B9 Tribeca
Subaru,6239.0,5241.0,1127.0,0.0,0.0,0.0,0.0,0.0,0,0.0,0.0,0.0,0.0,0.0,0.0,0.0,0.0,Baja
Subaru,0.0,0.0,0.0,0.0,0.0,0.0,0.0,4144.0,8587,7504.0,5296.0,4141.0,4131.0,3834.0,2334.0,2267.0,2320.0,BRZ
Subaru,0.0,0.0,0.0,0.0,0.0,0.0,0.0,0.0,0,0.0,88927.0,95677.0,110138.0,144384.0,131152.0,119716.0,127466.0,Crosstrek
Subaru,53541.0,51258.0,44530.0,60748.0,77781.0,85080.0,76196.0,76347.0,123592,159953.0,175192.0,178593.0,177563.0,171613.0,180179.0,176996.0,154723.0,Forester
Subaru,33637.0,41148.0,46333.0,49098.0,46611.0,44395.0,27391.0,68175.0,58856,57996.0,66785.0,55238.0,117401.0,76400.0,66415.0,43628.0,34791.0,Impreza
Subaru,0.0,0.0,0.0,0.0,0.0,0.0,13805.0,13624.0,0,0.0,0.0,0.0,0.0,28730.0,21838.0,21178.0,27141.0,Impreza WRX
Subaru,0.0,0.0,0.0,0.0,0.0,0.0,0.0,0.0,17969,25492.0,33734.0,33279.0,0.0,0.0,0.0,0.0,0.0,Impreza WRX/Sti
Subaru,0.0,0.0,0.0,66876.0,30974.0,38725.0,42401.0,47127.0,42291,52270.0,60447.0,65306.0,49837.0,40109.0,35063.0,27240.0,22766.0,Legacy
Subaru,87788.0,84442.0,78428.0,0.0,0.0,0.0,0.0,0.0,0,0.0,0.0,0.0,0.0,0.0,0.0,0.0,0.0,Legacy/Outback
Subaru,0.0,0.0,0.0,0.0,55356.0,93148.0,104405.0,117553.0,118049,138790.0,152294.0,182898.0,188886.0,178854.0,181178.0,153290.0,154623.0,Outback
Subaru,0.0,18614.0,16790.0,10975.0,5930.0,2472.0,2791.0,2075.0,1598,732.0,0.0,0.0,0.0,0.0,0.0,0.0,0.0,Tribeca
Subaru,0.0,0.0,0.0,0.0,0.0,0.0,0.0,7396.0,53741,70956.0,0.0,0.0,0.0,0.0,0.0,0.0,0.0,XV Crosstrek
Suzuki,7967.0,12221.0,16740.0,29563.0,20713.0,11606.0,0.0,0.0,0,0.0,0.0,0.0,0.0,0.0,0.0,0.0,0.0,Aerio/SX4
Suzuki,0.0,0.0,0.0,13.0,2221.0,1447.0,2127.0,1966.0,448,0.0,0.0,0.0,0.0,0.0,0.0,0.0,0.0,Equator
Suzuki,41394.0,48579.0,42113.0,20796.0,3769.0,12.0,1.0,1.0,0,0.0,0.0,0.0,0.0,0.0,0.0,0.0,0.0,Forenza/Reno
Suzuki,8624.0,26931.0,19538.0,11936.0,7557.0,4478.0,4980.0,4954.0,1037,0.0,0.0,0.0,0.0,0.0,0.0,0.0,0.0,Grand Vitara
Suzuki,0.0,0.0,0.0,0.0,71.0,6138.0,6942.0,5566.0,1602,0.0,0.0,0.0,0.0,0.0,0.0,0.0,0.0,Kizashi
Suzuki,0.0,0.0,0.0,0.0,0.0,0.0,12519.0,12860.0,2859,0.0,0.0,0.0,0.0,0.0,0.0,0.0,0.0,SX4
Suzuki,8411.0,2302.0,315.0,0.0,0.0,0.0,0.0,0.0,0,0.0,0.0,0.0,0.0,0.0,0.0,0.0,0.0,Verona
Suzuki,233.0,8.0,2.0,0.0,0.0,0.0,0.0,0.0,0,0.0,0.0,0.0,0.0,0.0,0.0,0.0,0.0,Vitara
Suzuki,15472.0,10948.0,23176.0,22551.0,4357.0,313.0,48.0,10.0,0,0.0,0.0,0.0,0.0,0.0,0.0,0.0,0.0,XL7
Other Domestic,0.0,0.0,0.0,0.0,0.0,0.0,0.0,0.0,0,0.0,0.0,0.0,2320.0,140317.0,161100.0,206500.0,121610.0,Tesla
Other Domestic,0.0,0.0,0.0,0.0,0.0,0.0,0.0,0.0,0,0.0,0.0,0.0,28800.0,29950.0,14425.0,20301.0,11556.0,Tesla
Other Domestic,0.0,0.0,0.0,0.0,0.0,0.0,0.0,0.0,0,0.0,0.0,0.0,24000.0,27250.0,19600.0,26100.0,7305.0,Tesla
Other Domestic,0.0,0.0,0.0,0.0,0.0,0.0,0.0,0.0,0,0.0,0.0,0.0,0.0,0.0,0.0,40001.0,161527.0,Tesla
Toyota,103829.0,103086.0,87718.0,47878.0,19675.0,46531.0,44316.0,48755.0,51625,76906.0,97034.0,111970.0,128296.0,139694.0,131864.0,129052.0,144696.0,4Runner
Toyota,0.0,0.0,0.0,0.0,0.0,0.0,0.0,0.0,0,0.0,0.0,0.0,0.0,4133.0,3398.0,2476.0,1044.0,86 / FR-S
Scion,0.0,0.0,0.0,0.0,0.0,0.0,0.0,0.0,0,0.0,10507.0,7457.0,6846.0,0.0,0.0,0.0,0.0,Toyota 86/FR-S
Toyota,95318.0,88938.0,72945.0,42790.0,26935.0,28390.0,28925.0,29556.0,70990,67183.0,60065.0,48080.0,32583.0,33580.0,27767.0,18421.0,18280.0,Avalon
Toyota,431703.0,448445.0,473108.0,436617.0,356824.0,327804.0,308510.0,404886.0,408484,428606.0,429355.0,388618.0,387081.0,343439.0,336978.0,294348.0,313795.0,Camry
Toyota,3113.0,0.0,0.0,0.0,0.0,0.0,0.0,0.0,0,0.0,0.0,0.0,0.0,0.0,0.0,0.0,0.0,Celica
Toyota,0.0,0.0,0.0,0.0,0.0,0.0,0.0,0.0,0,0.0,0.0,0.0,25755.0,49642.0,48930.0,42936.0,35707.0,C-HR
Toyota,0.0,0.0,0.0,0.0,0.0,0.0,0.0,0.0,0,0.0,363332.0,360483.0,329196.0,303732.0,304850.0,237179.0,223215.0,Corolla
Toyota,0.0,0.0,0.0,0.0,0.0,0.0,0.0,0.0,0,0.0,0.0,0.0,0.0,0.0,0.0,0.0,7203.0,Corolla Cross
Toyota,0.0,0.0,0.0,0.0,0.0,0.0,0.0,0.0,0,0.0,5099.0,17727.0,0.0,0.0,0.0,0.0,0.0,Corolla iM
Toyota,341290.0,387388.0,371390.0,351007.0,296874.0,266082.0,240259.0,290947.0,302180,339498.0,0.0,0.0,0.0,0.0,0.0,0.0,0.0,Corolla/Matrix
Toyota,1544.0,27.0,7.0,0.0,0.0,0.0,0.0,0.0,0,0.0,0.0,0.0,0.0,0.0,0.0,0.0,0.0,Echo
Toyota,0.0,56225.0,55170.0,28668.0,11941.0,14959.0,13541.0,13656.0,13131,14718.0,229.0,9.0,4.0,0.0,0.0,0.0,1.0,FJ Cruiser
Toyota,0.0,0.0,0.0,0.0,0.0,0.0,0.0,0.0,0,0.0,0.0,0.0,0.0,0.0,0.0,0.0,109.0,GR86
Toyota,137409.0,129794.0,127878.0,104661.0,83118.0,92121.0,101252.0,121055.0,127572,146127.0,158917.0,191379.0,215775.0,244511.0,239437.0,212276.0,264128.0,Highlander
Toyota,4870.0,3376.0,3251.0,3801.0,2261.0,1807.0,1662.0,2895.0,3082,3158.0,2687.0,3705.0,3100.0,3235.0,3536.0,3146.0,3711.0,Land Cruiser
Toyota,0.0,0.0,0.0,0.0,0.0,0.0,0.0,0.0,0,0.0,72.0,1034.0,1838.0,1689.0,1502.0,499.0,2629.0,Mirai
Toyota,780.0,0.0,0.0,0.0,0.0,0.0,0.0,0.0,0,0.0,0.0,0.0,0.0,0.0,0.0,0.0,0.0,MR2 Spyder
Toyota,107897.0,106971.0,181221.0,158884.0,139682.0,140928.0,0.0,0.0,0,0.0,113829.0,98866.0,108662.0,87590.0,69718.0,43525.0,59010.0,Prius
Toyota,0.0,0.0,0.0,0.0,0.0,0.0,0.0,35733.0,41979,40570.0,38484.0,20452.0,0.0,0.0,0.0,0.0,0.0,Prius C
Toyota,0.0,0.0,0.0,0.0,0.0,0.0,128064.0,147507.0,0,0.0,0.0,0.0,0.0,0.0,0.0,0.0,0.0,Prius Liftback
Toyota,0.0,0.0,0.0,0.0,0.0,0.0,0.0,12750.0,12088,13264.0,0.0,0.0,0.0,0.0,0.0,0.0,0.0,Prius Plug-In
Toyota,0.0,0.0,0.0,0.0,0.0,0.0,0.0,0.0,0,0.0,4191.0,2474.0,0.0,0.0,0.0,0.0,0.0,Prius Prime
Toyota,0.0,0.0,0.0,0.0,0.0,0.0,0.0,0.0,145172,122776.0,0.0,0.0,0.0,0.0,0.0,0.0,0.0,Prius Sedan
Toyota,0.0,0.0,0.0,0.0,0.0,0.0,8399.0,40669.0,34989,30762.0,28290.0,14840.0,0.0,0.0,0.0,0.0,0.0,Prius V
Toyota,70518.0,152047.0,172752.0,137020.0,149088.0,170877.0,132237.0,171877.0,218249,267698.0,315412.0,352154.0,407594.0,427168.0,448068.0,430387.0,407739.0,RAV4
Toyota,45904.0,34315.0,23273.0,30693.0,16387.0,13848.0,13022.0,13151.0,13811,11806.0,12583.0,12771.0,12156.0,11121.0,10289.0,7364.0,8070.0,Sequoia
Toyota,161380.0,163269.0,138162.0,115944.0,84064.0,98337.0,111429.0,114725.0,121117,124502.0,137497.0,127791.0,111489.0,87672.0,73585.0,42885.0,14782.0,Sienna
Toyota,0.0,0.0,0.0,0.0,0.0,0.0,0.0,0.0,0,0.0,0.0,0.0,0.0,0.0,2884.0,5887.0,6830.0,Supra
Toyota,168831.0,178351.0,173238.0,144655.0,111824.0,106198.0,110705.0,141365.0,159485,155041.0,179562.0,191631.0,198124.0,245659.0,248801.0,238805.0,252490.0,Tacoma
Toyota,126529.0,124508.0,196555.0,137249.0,79385.0,93309.0,82908.0,101621.0,112732,118493.0,118880.0,115489.0,116285.0,118258.0,111673.0,109203.0,81959.0,Tundra
Toyota,0.0,0.0,0.0,1474.0,54410.0,47321.0,38904.0,43095.0,35846,29991.0,21351.0,589.0,14.0,0.0,0.0,13073.0,61718.0,Venza
Toyota,0.0,70308.0,84799.0,102328.0,63743.0,40076.0,32704.0,30590.0,21342,13274.0,0.0,0.0,44380.0,27209.0,21916.0,6436.0,205.0,Yaris
Toyota,0.0,0.0,0.0,0.0,0.0,0.0,0.0,0.0,0,0.0,16779.0,10872.0,0.0,0.0,0.0,0.0,0.0,Yaris Hatchback
Toyota,0.0,0.0,0.0,0.0,0.0,0.0,0.0,0.0,0,0.0,7605.0,27983.0,0.0,0.0,0.0,0.0,0.0,Yaris iA
Volkswagen,0.0,0.0,0.0,0.0,0.0,0.0,0.0,0.0,0,0.0,0.0,0.0,0.0,0.0,2449.0,3998.0,5537.0,Arteon
Volkswagen,0.0,0.0,0.0,0.0,0.0,0.0,0.0,0.0,0,0.0,0.0,0.0,27119.0,59677.0,81508.0,83201.0,72383.0,Atlas
Volkswagen,0.0,0.0,0.0,0.0,0.0,0.0,0.0,0.0,0,0.0,0.0,0.0,0.0,0.0,0.0,15147.0,44304.0,Atlas Sport
Volkswagen,0.0,0.0,0.0,0.0,0.0,0.0,5626.0,28654.0,0,0.0,0.0,0.0,15166.0,14411.0,17215.0,4421.0,0.0,Beetle
Volkswagen,0.0,0.0,0.0,0.0,0.0,0.0,842.0,520.0,18050,11768.0,9642.0,5837.0,0.0,0.0,0.0,0.0,0.0,Beetle Convertible
Volkswagen,0.0,0.0,0.0,0.0,0.0,0.0,0.0,0.0,25084,17414.0,13025.0,9830.0,0.0,0.0,0.0,0.0,0.0,Beetle Coupe
Volkswagen,0.0,0.0,0.0,2105.0,23872.0,27987.0,29502.0,21646.0,15672,9995.0,6276.0,3237.0,1355.0,455.0,58.0,17.0,0.0,CC
Volkswagen,0.0,0.0,0.0,0.0,0.0,0.0,0.0,0.0,0,357.0,4232.0,3937.0,0.0,0.0,0.0,0.0,0.0,e-Golf
Volkswagen,0.0,3394.0,12744.0,12837.0,7204.0,6690.0,7533.0,6214.0,4178,3411.0,2993.0,387.0,1.0,0.0,0.0,0.0,0.0,Eos
Volkswagen,15690.0,17089.0,16399.0,15338.0,8071.0,0.0,17839.0,20677.0,16023,15941.0,19257.0,13764.0,68978.0,42271.0,37393.0,22495.0,6537.0,Golf
Volkswagen,0.0,0.0,0.0,0.0,0.0,0.0,16867.0,16314.0,13310,17362.0,23669.0,23934.0,0.0,0.0,0.0,0.0,0.0,Golf GTI
Volkswagen,0.0,0.0,0.0,0.0,0.0,0.0,0.0,3894.0,1598,15.0,4141.0,4493.0,0.0,0.0,0.0,0.0,0.0,Golf R
Volkswagen,0.0,0.0,0.0,0.0,0.0,0.0,0.0,0.0,0,0.0,14009.0,15559.0,0.0,0.0,0.0,0.0,0.0,Golf SportWagen/Alltrack
Volkswagen,0.0,0.0,0.0,35408.0,15752.0,28286.0,0.0,0.0,0,0.0,0.0,0.0,0.0,0.0,0.0,0.0,0.0,Golf/Rabbit
Volkswagen,0.0,0.0,0.0,0.0,0.0,0.0,0.0,0.0,0,0.0,0.0,0.0,0.0,0.0,0.0,474.0,16745.0,ID.4
Volkswagen,104063.0,103331.0,98951.0,97461.0,108427.0,123213.0,0.0,0.0,0,0.0,0.0,0.0,115807.0,90794.0,100453.0,90829.0,55113.0,Jetta
Volkswagen,0.0,0.0,0.0,0.0,0.0,0.0,150515.0,146478.0,141259,141354.0,128438.0,121102.0,0.0,0.0,0.0,0.0,0.0,Jetta Sedan
Volkswagen,0.0,0.0,0.0,0.0,0.0,0.0,26845.0,23946.0,22534,19519.0,2671.0,5.0,0.0,0.0,0.0,0.0,0.0,Jetta SportWagen
Volkswagen,36339.0,35110.0,31021.0,26477.0,14085.0,16537.0,0.0,0.0,0,0.0,0.0,0.0,0.0,0.0,0.0,0.0,0.0,New Beetle
Volkswagen,49233.0,54208.0,37183.0,30034.0,11138.0,12497.0,0.0,0.0,109652,96649.0,78207.0,73002.0,60722.0,41401.0,14123.0,24597.0,24398.0,Passat
Volkswagen,0.0,0.0,0.0,0.0,0.0,0.0,22779.0,117023.0,0,0.0,0.0,0.0,0.0,0.0,0.0,0.0,0.0,Passat Sedan
Volkswagen,0.0,0.0,0.0,0.0,0.0,0.0,56.0,0.0,0,0.0,0.0,0.0,0.0,0.0,0.0,0.0,0.0,Passat Wagon
Volkswagen,820.0,235.0,17.0,0.0,0.0,0.0,0.0,0.0,0,0.0,0.0,0.0,0.0,0.0,0.0,0.0,0.0,Phaeton
Volkswagen,0.0,11610.0,25445.0,20070.0,7681.0,0.0,0.0,0.0,0,0.0,0.0,0.0,0.0,0.0,0.0,0.0,0.0,Rabbit 
Volkswagen,0.0,0.0,0.0,3387.0,14681.0,15961.0,12473.0,10483.0,2109,1103.0,0.0,0.0,0.0,0.0,0.0,0.0,0.0,Routan
Volkswagen,0.0,0.0,0.0,0.0,0.0,0.0,0.0,0.0,0,0.0,0.0,0.0,0.0,0.0,0.0,0.0,31703.0,Taos
Volkswagen,0.0,0.0,0.0,8664.0,13903.0,20946.0,25990.0,31731.0,30002,25121.0,35843.0,43638.0,46983.0,103022.0,109963.0,110502.0,109742.0,Tiguan
Volkswagen,18050.0,10163.0,8812.0,6755.0,4392.0,4713.0,7535.0,10553.0,8233,6961.0,7037.0,4223.0,3545.0,2022.0,160.0,3.0,0.0,Touareg
Volvo,0.0,0.0,0.0,0.0,0.0,0.0,0.0,0.0,0,0.0,0.0,0.0,0.0,0.0,0.0,1099.0,0.0,40 Series
Volvo,0.0,0.0,0.0,0.0,0.0,0.0,0.0,0.0,0,0.0,0.0,0.0,0.0,12176.0,20190.0,15729.0,14846.0,60-Series
Volvo,0.0,0.0,0.0,0.0,0.0,0.0,0.0,0.0,0,0.0,0.0,0.0,0.0,9892.0,4052.0,3195.0,1495.0,90-Series
Volvo,0.0,0.0,2090.0,4299.0,4267.0,3906.0,3471.0,2827.0,1361,66.0,0.0,0.0,0.0,0.0,0.0,0.0,0.0,C30
Volvo,0.0,0.0,0.0,0.0,0.0,0.0,0.0,0.0,0,0.0,0.0,0.0,0.0,0.0,0.0,0.0,42.0,C40
Volvo,1442.0,3952.0,4548.0,5563.0,5170.0,4368.0,4933.0,4441.0,3234,779.0,7.0,0.0,0.0,0.0,0.0,0.0,0.0,C70
Volvo,24241.0,24566.0,18141.0,9687.0,7957.0,5623.0,2984.0,51.0,0,0.0,0.0,0.0,0.0,0.0,0.0,0.0,0.0,S40
Volvo,24695.0,25753.0,18511.0,8966.0,5895.0,1437.0,21282.0,23356.0,23210,20457.0,16706.0,14218.0,16825.0,0.0,0.0,0.0,0.0,S60
Volvo,0.0,0.0,0.0,0.0,0.0,0.0,0.0,0.0,0,0.0,287.0,571.0,0.0,0.0,0.0,0.0,0.0,S60 CC
Volvo,10181.0,5469.0,12347.0,11038.0,8331.0,7224.0,4735.0,3277.0,1935,1753.0,1887.0,644.0,7.0,0.0,0.0,0.0,0.0,S80
Volvo,0.0,0.0,0.0,0.0,0.0,0.0,0.0,0.0,0,0.0,0.0,2756.0,11090.0,0.0,0.0,0.0,0.0,S90
Volvo,5671.0,4138.0,2850.0,1856.0,2155.0,1720.0,0.0,0.0,0,0.0,0.0,0.0,0.0,0.0,0.0,0.0,0.0,V50
Volvo,0.0,0.0,0.0,0.0,0.0,0.0,0.0,0.0,0,4990.0,4362.0,3407.0,0.0,0.0,0.0,0.0,0.0,V60
Volvo,0.0,0.0,0.0,0.0,0.0,0.0,0.0,0.0,0,0.0,2769.0,2725.0,0.0,0.0,0.0,0.0,0.0,V60 CC
Volvo,7394.0,5604.0,3769.0,3224.0,1816.0,895.0,0.0,0.0,0,0.0,0.0,0.0,0.0,0.0,0.0,0.0,0.0,V70
Volvo,0.0,0.0,0.0,0.0,0.0,0.0,0.0,0.0,0,0.0,0.0,0.0,0.0,12420.0,17647.0,23778.0,26802.0,XC40
Volvo,0.0,0.0,0.0,0.0,9262.0,12030.0,12932.0,19139.0,19766,19276.0,26134.0,20452.0,22516.0,32689.0,30578.0,32078.0,41582.0,XC60
Volvo,13998.0,13136.0,12630.0,9490.0,5825.0,6626.0,5716.0,5513.0,4882,5093.0,5118.0,5425.0,0.0,0.0,0.0,0.0,0.0,XC70
Volvo,35976.0,33200.0,31336.0,18980.0,10757.0,10119.0,10609.0,9513.0,6845,3952.0,12777.0,32526.0,30996.0,31609.0,35760.0,34251.0,38657.0,XC90
