Year,Make_Name,Model_Name,DEATHS
2021,Mercedes-Benz,A-Class,1
2022,Mercedes-Benz,A-Class,0
2020,Audi,A3,1
2022,Audi,A3,2
2023,Audi,A3,3
2021,Audi,A4,4
2022,Audi,A4,1
2023,Audi,A4,1
2021,Audi,A4,1
2022,Audi,A4,1
2021,Audi,A5,4
2022,Audi,A5,1
2023,Audi,A5,9
2021,Audi,A6,0
2022,Audi,A6,1
2021,Audi,A6,2
2022,Audi,A6,3
2021,Audi,A7,2
2022,Audi,A7,1
2021,Audi,A8,1
2022,Audi,A8,1
2021,GMC,Acadia,1
2022,GMC,Acadia,0
2023,GMC,Acadia,0
2021,Hyundai,Accent,0
2022,Hyundai,Accent,0
2021,Honda,Accord,1
2022,Honda,Accord,1
2023,Honda,Accord,2
2021,Honda,Accord,3
2022,Honda,Accord,3
2022,Lucid,Air,1
2021,Nissan,Altima,1
2022,Nissan,Altima,2
2023,Nissan,Altima,2
2023,Nissan,Ariya,1
2021,Nissan,Armada,1
2022,Nissan,Armada,1
2023,Nissan,Armada,0
2021,Volkswagen,Arteon,0
2022,Volkswagen,Arteon,0
2021,Subaru,Ascent,0
2022,Subaru,Ascent,0
2023,Subaru,Ascent,1
2021,Volkswagen,Atlas,1
2022,Volkswagen,Atlas,1
2023,Volkswagen,Atlas,2
2021,Volkswagen,Atlas,2
2022,Volkswagen,Atlas,1
2023,Volkswagen,Atlas,5
2021,Toyota,Avalon,2
2022,Toyota,Avalon,3
2021,Toyota,Avalon,4
2022,Toyota,Avalon ,1
2021,Lamborghini,Aventador,1
2021,Lincoln,Aviator,1
2022,Lincoln,Aviator,0
2023,Lincoln,Aviator,0
2021,Bentley,Bentayga,0
2021,Chevrolet,Blazer,1
2022,Chevrolet,Blazer,1
2023,Chevrolet,Blazer,2
2024,Chevrolet,Blazer ,4
2022,Chevrolet,Bolt ,2
2023,Chevrolet,Bolt ,2
2021,Chevrolet,Bolt ,1
2022,Chevrolet,Bolt ,1
2023,Chevrolet,Bolt ,1
2021,Ford,Bronco,1
2022,Ford,Bronco,1
2023,Ford,Bronco,2
2021,Ford,Bronco ,2
2022,Ford,Bronco,2
2023,Ford,Bronco,0
2020,Subaru,BRZ,0
2022,Subaru,BRZ,0
2023,Subaru,BRZ,0
2023,Toyota,bZ4X,0
2021,Mercedes-Benz,C-Class,0
2022,Mercedes-Benz,C-Class,1
2023,Mercedes-Benz,C-Class,2
2021,Toyota,C-HR,1
2022,Toyota,C-HR,2
2023,Toyota,C-HR,3
2022,Volvo,C40,2
2023,Volvo,C40 ,2
2020,Kia,Cadenza,3
2021,Chevrolet,Camaro,3
2022,Chevrolet,Camaro,4
2023,Chevrolet,Camaro,4
2021,Toyota,Camry,2
2022,Toyota,Camry,1
2023,Toyota,Camry,1
2021,Toyota,Camry,2
2022,Toyota,Camry,2
2021,GMC,Canyon,1
2022,GMC,Canyon,0
2023,GMC,Canyon,0
2021,GMC,Canyon,0
2022,GMC,Canyon ,1
2022,Kia,Carnival,2
2023,Kia,Carnival,2
2021,Porsche,Cayenne,3
2022,Porsche,Cayenne,3
2023,Porsche,Cayenne,1
2021,Porsche,Cayenne ,1
2022,Porsche,Cayenne ,2
2021,Dodge,Challenger,2
2022,Dodge,Challenger,3
2023,Dodge,Challenger,4
2021,Dodge,Charger,4
2022,Dodge,Charger,1
2023,Dodge,Charger,1
2021,Jeep,Cherokee,0
2022,Jeep,Cherokee,0
2021,Honda,Civic,0
2022,Honda,Civic,1
2023,Honda,Cvic,2
2021,Honda,Civic ,2
2022,Honda,Civic ,3
2021,Mercedes-Benz,CLA,4
2022,Mercedes-Benz,CLA,1
2021,Honda,Clarity ,2
2021,Honda,Clarity ,2
2021,Mercedes-Benz,CLS,2
2022,Mercedes-Benz,CLS,1
2021,MINI,Clubman,1
2022,MINI,Clubman,1
2023,MINI,Clubman,1
2021,Chevrolet,Colorado ,1
2022,Chevrolet,Colorado ,1
2023,Chevrolet,Colorado ,1
2021,Chevrolet,Colorado,2
2022,Chevrolet,Colorado ,3
2021,Jeep,Compass,4
2022,Jeep,Compass,4
2023,Jeep,Compass,3
2020,Lincoln,Continental,2
2021,Bentley,Continental,1
2021,MINI,Conertible,0
2022,MINI,Convertible,7
2021,Toyota,Corolla,6
2022,Toyota,Corolla,1
2023,Toyota,Corolla,2
2022,Toyota,Corolla ,3
2021,Toyota,Corolla ,3
2022,Toyota,Corolla ,3
2021,Toyota,Corolla ,4
2022,Toyota,Corolla,4
2021,Lincoln,Corsair,1
2022,Lincoln,Corsair,1
2023,Lincoln ,Corsair,1
2021,Chevrolet,Corvette,1
2022,Chevrolet,Corvette,1
2023,Chevrolet,Corvette,1
2021,MINI,Countryman,8
2022,MINI,Countryman,2
2023,MINI,Countryman,3
2021,Honda,CR-V,0
2022,Honda,CR-V,5
2023,Honda,CR-V,3
2021,Honda,CR-V,0
2022,Honda,CR-V ,0
2021,Subaru,Crosstrek,0
2022,Subaru,Crosstrek,0
2023,Subaru,Crosstrek,0
2021,Cadillac,CT4,0
2022,Cadillac,CT4,0
2021,Cadillac,CT5,0
2022,Cadillac,CT5,1
2020,Cadillac,CT6,1
2020,Cadillac,CT6-V,1
2021,Rolls-Royce,Cullinan,1
2021,MAZDA,CX-3,1
2021,MAZDA,CX-30,1
2022,MAZDA,CX-30,1
2023,MAZDA,CX-30,1
2021,MAZDA,CX-5,1
2022,MAZDA,CX-5,3
2023,MAZDA,CX-50,3
2024,MAZDA,CX-70,4
2021,MAZDA,CX-90,1
2022,MAZDA,CX-90,2
2022,Tesla,Cybertruck,2
2023,Tesla,Cybertruck,3
2021,Rolls-Royce,Dawn,2
2021,Aston Martin,DB11,1
2021,Aston Martin,DBS Superleggera,1
2021,Aston Martin,DBX,1
2021,Land Rover,Defender 110,1
2022,Land Rover,Defender 110,1
2023,Land Rover,Defender 110,1
2021,Land Rover,Defender 90,1
2022,Land Rover,Defender 90,1
2021,Land Rover,Discovery,5
2022,Land Rover,Discovery,1
2023,Land Rover,Discovery,2
2021,Land Rover,Discovery ,3
2022,Land Rover,Discovery ,3
2023,Land Rover,Discovery ,2
2021,Dodge,Durango,4
2022,Dodge,Durango,4
2023,Dodge,Durango,5
2021,Mercedes-Benz,E-Class,2
2022,Mercedes-Benz,E-Class,2
2023,Mercedes-Benz,E-Class,2
2021,Jaguar,E-PACE,3
2022,Jaguar,E-PACE,1
2021,Audi,e-tron,1
2022,Audi,e-tron,1
2022,Audi,e-tron GT,1
2022,Audi,e-tron S,1
2022,Audi,e-tron S,1
2021,Audi,e-tron ,1
2022,Audi,e-tron ,0
2020,Mitsubishi,Eclipse ,0
2022,Mitsubishi,Eclipse ,0
2021,Ford,EcoSport,0
2022,Ford,EcoSport,0
2021,Ford,Edge,0
2022,Ford,Edge,0
2021,Hyundai,Elantra,0
2022,Hyundai,Elantra,0
2023,Hyundai,Elantra,0
2020,Hyundai,Elantra ,1
2023,Hyundai,Elantra ,1
2022,Hyundai,Elantra ,1
2022,Genesis,Electrified G80,1
2021,Buick,Enclave,1
2022,Buick,Enclave,2
2021,Buick,Encore,2
2022,Buick,Encore,2
2023,Buick,Encore,3
2021,Buick,Encore ,3
2022,Buick,Encore ,3
2023,Buick,Encore ,1
2021,Buick,Envision,1
2022,Buick,Envision,2
2023,Buick,Envision,3
2021,Chevrolet,Equinox,2
2022,Chevrolet,Equinox,4
2023,Chevrolet,Equinox,1
2024,Chevrolet,Equinox ,2
2021,Lexus,ES,2
2022,Lexus,ES,3
2023,Lexus,ES,2
2021,Cadillac,Escalade,2
2022,Cadillac,Escalade,3
2023,Cadillac,Escalade,3
2021,Cadillac,Escalade,4
2022,Cadillac,Escalade ,4
2021,Ford,Escape,4
2022,Ford,Escape,1
2023,Ford,Escape,1
2022,Kia,EV6,1
2023,Kia,EV6,2
2021,Lotus,Evora,2
2021,Ford,Expedition,3
2022,Ford,Expedition,3
2023,Ford,Expedition,3
2021,Ford,Expedition,2
2022,Ford,Expedition ,2
2021,Ford,Explorer,2
2022,Ford,Explorer,2
2023,Ford,Explorer,1
2021,Chevrolet,Express 2500 ,1
2022,Chevrolet,Express 2500 ,1
2021,Chevrolet,Express 2500 ,1
2022,Chevrolet,Express 2500 ,1
2021,Jaguar,F-PACE,1
2022,Jaguar,F-PACE,1
2021,Jaguar,F-TYPE,9
2022,Jaguar,F-TYPE,9
2023,Jaguar,F-TYPE,0
2022,Ford,F150 Lightning,0
2021,Ford,F150 ,0
2021,Ford,F150 ,0
2021,Ford,F150 ,1
2022,Ford,F150 ,2
2023,Ford,F150 ,2
2021,Ford,F250 ,2
2022,Ford,F250 ,2
2021,Ferrari,F8,3
2020,Honda,Fit,3
2021,Bentley,Flying Spur,4
2021,Subaru,Forester,4
2022,Subaru,Forester,3
2023,Subaru,Forester,2
2021,Kia,Forte,2
2022,Kia,Forte,1
2023,Kia,Forte,1
2021,Nissan,Frontier,2
2022,Nissan,Frontier,2
2023,Nissan,Frontier,3
2021,Nissan,Frontier,4
2022,Nissan,Frontier ,4
2020,Ford,Fusion,3
2020,Ford,Fusion ,3
2021,Mercedes-Benz,G-Class,1
2022,Mercedes-Benz,G-Class,1
2021,Genesis,G70,1
2022,Genesis,G70,1
2023,Genesis,G70,1
2021,Genesis,G80,1
2022,Genesis,G80,1
2023,Genesis,G80,1
2021,Genesis,G90,1
2022,Genesis,G90,1
2023,Genesis,G90,1
2021,Maserati,Ghibli,1
2022,Maserati,Ghibli,2
2021,Rolls-Royce,Ghost,2
2021,Alfa Romeo,Giulia,2
2022,Alfa Romeo,Giulia,2
2021,Mercedes-Benz,GLA,1
2022,Mercedes-Benz,GLA,1
2023,Mercedes-Benz,GLA,1
2021,Jeep,Gladiator,2
2022,Jeep,Gladiator,3
2023,Jeep,Gladiator,4
2021,Mercedes-Benz,GLB,4
2022,Mercedes-Benz,GLB,3
2023,Mercedes-Benz,GLB,2
2021,Mercedes-Benz,GLC,2
2022,Mercedes-Benz,GLC,1
2023,Mercedes-Benz,GLC,2
2021,Mercedes-Benz,GLC ,3
2022,Mercedes-Benz,GLC ,4
2021,Mercedes-Benz,GLE,4
2022,Mercedes-Benz,GLE,5
2023,Mercedes-Benz,GLE,3
2021,Mercedes-Benz,GLS,3
2022,Mercedes-Benz,GLS,1
2023,Mercedes-Benz,GLS,1
2021,Volkswagen,Golf,2
2021,Volkswagen,Golf GTI,3
2022,Volkswagen,Golf GTI,4
2022,Volkswagen,Golf R,4
2021,Toyota,GR Supra,3
2022,Toyota,GR Supra,3
2022,Toyota,GR86,5
2020,Dodge,Grand Caravan ,3
2021,Jeep,Grand Cherokee,1
2022,Jeep,Grand Cherokee,1
2023,Jeep,Grand Cherokee,2
2022,Jeep,Grand Cherokee,3
2021,Jeep,Grand Cheorkee,1
2022,Jeep,Grand Cherokee,1
2022,Jeep,Grand Wagoneer ,1
2023,Jeep,Grand Wagoneer ,1
2020,Lexus,GS,1
2020,McLaren,GT,1
2021,Nissan,GT-R,1
2022,Nissan,GT-R,1
2020,Ferrari,GTC4Lusso,2
2022,Genesis,GV60,0
2023,Genesis,GV60,3
2022,Genesis,GV70,3
2023,Genesis,GV70,0
2021,Genesis,GV80,0
2022,Genesis,GV80,0
2023,Genesis,GV80,0
2021,Lexus,GX,0
2022,Lexus,GX,2
2023,Lexus,GX,2
2021,MINI,Hardtop,2
2022,MINI,Hardtop ,12
2023,MINI,Hardtop ,3
2021,MINI,Hardtop,1
2022,MINI,Hardtop ,1
2021,Toyota,Highlander,2
2022,Toyota,Highlander,2
2023,Toyota,Highlander,2
2021,Honda,HR-V,3
2022,Honda,HR-V,4
2023,Honda,HR-V,5
2022,GMC,Hummer,3
2024,GMC,Hummer ,2
2021,Lamborghini,Huracan,1
2021,Jaguar,I-PACE,2
2022,Jaguar,I-PACE,3
2021,BMW,i3,4
2022,BMW,i4,4
2020,BMW,i8,4
2021,Volkswagen,ID.4,0
2022,Volkswagen,ID.4,2
2023,Volkswagen,ID.4,2
2024,Volkswagen,ID.Buzz,1
2021,Acura,ILX,1
2022,Acura,ILX,1
2023,Acura,ILX,1
2020,Chevrolet,Impala,1
2021,Subaru,Impreza,1
2022,Subaru,Impreza,3
2023,Subaru,Impreza,3
2021,Honda,Insight,4
2022,Honda,Insight,4
2023,Honda,Insight,4
2023,Acura,Integra,5
2022,Hyundai,IONIQ 5,5
2023,Hyundai,IONIQ 5,3
2021,Hyundai,Ioniq,2
2021,Hyundai,Ioniq ,2
2022,Hyundai,Ioniq ,1
2023,Hyundai,Ioniq ,2
2021,Hyundai,Ioniq ,3
2022,Hyundai,Ioniq ,2
2021,Lexus,IS,2
2022,Lexus,IS,3
2023,Lexus,IS,3
2022,BMW,iX,4
2023,BMW,iX,4
2021,Volkswagen,Jetta,2
2022,Volkswagen,Jetta ,3
2023,Volkswagen,Jetta,2
2021,Volkswagen,Jetta,1
2022,Volkswagen,Jetta,1
2020,Dodge,Journey,1
2021,Kia,K5,1
2022,Kia,K5,2
2023,Kia,K5,2
2020,Kia,K900,3
2021,Nissan,Kicks,4
2022,Nissan,Kicks,5
2023,Nissan,Kicks,3
2021,Hyundai,Kona,3
2022,Hyundai,Kona,3
2023,Hyundai,Kona,0
2021,Hyundai,Kona ,0
2022,Hyundai,Kona,0
2022,Hyundai,Kona ,0
2021,Toyota,Land Cruiser,0
2021,Lexus,LC,0
2022,Lexus,LC,0
2021,Nissan,LEAF,0
2022,Nissan,LEAF,0
2021,Subaru,Legacy,0
2022,Subaru,Legacy,0
2023,Subaru,Legacy,1
2021,Maserati,Levante,1
2022,Maserati,Levante,2
2021,Lexus,LS,2
2022,Lexus,LS,2
2021,Lexus,LX,3
2022,Lexus,LX,4
2023,Lexus,LX,5
2023,Cadillac,LYRIQ,5
2021,BMW,M2,1
2021,BMW,M3,3
2022,BMW,M3,3
2021,BMW,M4,2
2022,BMW,M4,2
2021,BMW,M5,2
2022,BMW,M5,3
2021,BMW,M8,4
2022,BMW,M8,1
2021,Porsche,Macan,1
2022,Porsche,Macan,1
2023,Porsche,Macan,1
2021,Chevrolet,Malibu,2
2022,Chevrolet,Malibu,2
2023,Chevrolet,Malibu,4
2022,Ford,Maverick,1
2023,Ford,Maverick,3
2021,Nissan,Maxima,2
2022,Nissan,Maxima,2
2021,MAZDA,MAZDA3,3
2022,MAZDA,MAZDA3,4
2023,MAZDA,MAZDA3,5
2021,MAZDA,MAZDA6,3
2022,Maserati,MC20,2
2020,Acura,MDX,2
2022,Acura,MDX,1
2023,Acura,MDX,1
2020,Acura,MDX ,1
2021,Mercedes-Benz,Mercedes-AMG A-Class,1
2021,Mercedes-Benz,Mercedes-AMG C-Class,1
2021,Mercedes-Benz,Mercedes-AMG CLA,1
2022,Mercedes-Benz,Mercedes-AMG CLA,1
2021,Mercedes-Benz,Mercedes-AMG CLS,1
2021,Mercedes-Benz,Mercedes-AMG E-Class,0
2022,Mercedes-Benz,Mercedes-AMG E-Class,0
2021,Mercedes-Benz,Mercedes-AMG G-Class,0
2021,Mercedes-Benz,Mercedes-AMG GLA,0
2022,Mercedes-Benz,Mercedes-AMG GLA,0
2021,Mercedes-Benz,Mercedes-AMG GLB,0
2022,Mercedes-Benz,Mercedes-AMG GLB,0
2021,Mercedes-Benz,Mercedes-AMG GLC,0
2022,Mercedes-Benz,Mercedes-AMG GLC,1
2021,Mercedes-Benz,Mercedes-AMG GLC ,1
2022,Mercedes-Benz,Mercedes-AMG ,1
2021,Mercedes-Benz,Mercedes-AMG GLE,1
2022,Mercedes-Benz,Mercedes-AMG GLE,1
2021,Mercedes-Benz,Mercedes-AMG GLE,3
2022,Mercedes-Benz,Mercedes-AMG GLE ,2
2021,Mercedes-Benz,Mecerdes-AMG GLS,4
2021,Mercedes-Benz,Mercedes-AMG GT,3
2021,Mercedes-Benz,Mercedes-AMG S-Class,3
2022,Mercedes-Benz,Mercedes-AMG SL,1
2020,Mercedes-Benz,Mercedes-AMG SLC,1
2022,Mercedes-Benz,Mercedes-EQ EQB,3
2023,Mercedes-Benz,Mercedes-EQ EQB,4
2023,Mercedes-Benz,Mercedes-EQ EQE,2
2022,Mercedes-Benz,Mercedes-EQ EQS,1
2023,Mercedes-Benz,Mercedes-EQ EQS,1
2021,Mercedes-Benz,Mercedes-Maybach GLS,3
2021,Mercedes-Benz,Mercedes-Maybach S-Class,4
2022,Mercedes-Benz,Mercedes-Maybach S-Class,4
2021,Mercedes-Benz,Metris ,4
2021,Mercedes-Benz,Metris ,4
2020,Mercedes-Benz,Metris WORKER ,1
2020,Mercedes-Benz,Metris WORKER ,1
2021,Mitsubishi,Mirage,1
2022,Mitsubishi,Mirage,2
2023,Mitsubishi,Mirage,2
2021,Mitsubishi,Mirage ,4
2022,Mitsubishi,Mirage ,5
2021,Toyota,Mirai,3
2022,Toyota,Mirai,4
2020,Lincoln,MKZ,6
2021,Tesla,Model 3,7
2022,Tesla,Model 3,3
2023,Tesla,Model 3,3
2021,Tesla,Model S,6
2022,Tesla,Model S,6
2023,Tesla,Model S,4
2021,Tesla,Model X ,4
2022,Tesla,Model X ,8
2023,Tesla,Model X ,9
2021,Tesla,Model Y,7
2022,Tesla,Model Y,6
2023,Tesla,Model Y,5
2020,Bentley,Mulsanne,4
2021,Nissan,Murano,5
2022,Nissan,Murano,7
2023,Nissan,Murano,7
2021,Ford,Mustang,4
2022,Ford,Mustang,3
2023,Ford,Mustang,3
2022,MAZDA,MX-30,6
2021,MAZDA,MX-5 Miata,7
2022,MAZDA,MX-5 Miata,8
2021,MAZDA,MX-5 Miata ,3
2022,MAZDA,MX-5 Miata ,4
2021,Lincoln,Nautilus,5
2022,Lincoln,Nautilus,6
2021,Lincoln,Navigator,5
2022,Lincoln,Navigator,4
2023,Lincoln,Navigator,2
2021,Lincoln,Navigator ,1
2022,Lincoln,Navigator,4
2021,Hyundai,NEXO,4
2022,Hyundai,NEXO,6
2021,Kia,Niro,6
2022,Kia,Niro,4
2023,Kia,Niro,2
2021,Kia,Niro ,2
2022,Kia,Niro,1
2021,Kia,Niro ,5
2022,Kia,Niro ,5
2021,Acura,NSX,5
2022,Acura,NSX,3
2021,Nissan,NV1500 ,5
2021,Nissan,NV200,6
2021,Nissan,NV2500 HD ,7
2021,Nissan,NV3500 HD ,5
2021,Nissan,NV3500 HD ,4
2021,Lexus,NX,2
2022,Lexus,NX,2
2023,Lexus,NX,8
2021,Honda,Odyssey,7
2022,Honda,Odyssey,6
2023,Honda,Odyssey,5
2020,Kia,Optima,9
2020,Kia,Optima ,2
2020,Kia,Optima,0
2021,Subaru,Outback,5
2022,Subaru,Outback,5
2023,Subaru,Outback,5
2020,Mitsubishi,Outlander,2
2022,Mitsubishi,Outlander,3
2023,Mitsubishi,Outlander,4
2021,Mitsubishi,Outlander ,5
2022,Mitsubishi,Outlander ,6
2023,Mitsubishi,Outlander,6
2021,Mitsubishi,Outlander ,5
2022,Mitsubishi,Outlander ,4
2023,Mitsubishi,Outlander ,3
2021,Chrysler,Pacifica,1
2022,Chrysler,Pacifica,1
2023,Chrysler,Pacifica,6
2021,Chrysler,Pacifica ,6
2022,Chrysler,Pacifica,8
2021,Hyundai,Palisade,3
2022,Hyundai,Palisade,4
2023,Hyundai,Palisade,5
2021,Porsche,Panamera,6
2022,Porsche,Panamera,7
2021,Volkswagen,Passat,5
2022,Volkswagen,Passat,8
2021,Honda,Passport,4
2022,Honda,Passport,4
2023,Honda,Passport,6
2020,Nissan,Pathfinder,7
2022,Nissan,Pathfinder,6
2023,Nissan,Pathfinder,7
2021,Rolls-Royce,Phantom,4
2022,Honda,Pilot,5
2022,Honda,Pilot,7
2023,Honda,Pilot,6
2021,Ferrari,Portofino,3
2021,Toyota,Prius,2
2022,Toyota,Prius,1
2023,Toyota,Prius,5
2021,Toyota,Prius Prime,5
2022,Toyota,Prius Prime,5
2024,Honda,Prologue,5
2021,Ram,ProMaster ,6
2022,Ram,ProMaster ,7
2021,Ram,ProMaster ,8
2022,Ram,ProMaster ,8
2021,Ram,ProMaster ,8
2022,Ram,ProMaster ,6
2021,Audi,Q3,4
2022,Audi,Q3,3
2023,Audi,Q3,3
2022,Audi,Q4 ,2
2022,Audi,Q4,4
2021,Audi,Q5,4
2022,Audi,Q5,6
2023,Audi,Q5,7
2021,Audi,Q5 ,2
2022,Audi,Q5 ,3
2021,INFINITI,Q50,5
2022,INFINITI,Q50,6
2023,INFINITI,Q50,7
2021,INFINITI,Q60,7
2022,INFINITI,Q60,8
2021,Audi,Q7,8
2022,Audi,Q7,4
2023,Audi,Q7,4
2021,Audi,Q8,3
2022,Audi,Q8,3
2021,Maserati,Quattroporte,2
2022,Maserati,Quattroporte,2
2021,INFINITI,QX50,4
2022,INFINITI,QX50,5
2023,INFINITI,QX50,6
2022,INFINITI,QX55,7
2023,INFINITI,QX55,7
2020,INFINITI,QX60,3
2022,INFINITI,QX60,0
2023,INFINITI,QX60,0
2021,INFINITI,QX80,0
2022,INFINITI,QX80,0
2021,Rivian,R15,0
2022,Rivian,R15,2
2021,Rivian,R1T,2
2022,Rivian,R1T,2
2021,Audi,R8,4
2022,Audi,R8,2
2021,Land Rover,Range Rover,5
2022,Land Rover,Range Rover,5
2023,Land Rover,Range Rover,1
2021,Land Rover,Range Rover ,2
2022,Land Rover,Range Rover ,4
2023,Land Rover,Range Rover,5
2021,Land Rover,Range Rover,5
2022,Land Rover,Range Rover ,4
2023,Land Rover,Range Rover ,3
2021,Land Rover,Range Rover ,3
2022,Land Rover,Range Rover,1
2021,Ford,Ranger ,1
2022,Ford,Ranger ,3
2021,Ford,Ranger ,4
2022,Ford,Ranger ,5
2023,Ford,Ranger ,6
2021,Toyota,RAV4,6
2022,Toyota,RAV4,6
2023,Toyota,RAV4,7
2021,Toyota,RAV4 ,5
2022,Toyota,RAV4,4
2021,Toyota,RAV4 ,3
2022,Toyota,RAV4,3
2021,Lexus,RC,1
2022,Lexus,RC,1
2021,Acura,RDX,3
2022,Acura,RDX,4
2023,Acura,RDX,5
2020,Buick,Regal ,6
2020,Buick,Regal ,7
2021,Jeep,Renegade,7
2022,Jeep,Renegade,8
2023,Jeep,Renegade,8
2021,Honda,Ridgeline,8
2022,Honda,Ridgeline,8
2023,Honda,Ridgeline,6
2021,Kia,Rio,4
2022,Kia,Rio,3
2023,Kia,Rio,2
2020,Acura,RLX,2
2020,Acura,RLX,1
2021,Nissan,Rogue,4
2022,Nissan,Rogue,5
2023,Nissan,Rogue,6
2021,Nissan,Rogue ,6
2022,Nissan,Rogue,7
2021,Ferrari,Roma,6
2020,Audi,RS 3,7
2021,Audi,RS 5,1
2022,Audi,RS 5,2
2021,Audi,RS 6,2
2022,Audi,RS 6,4
2021,Audi,RS 7,4
2022,Audi,RS 7,5
2022,Audi,RS ,6
2021,Audi,RS Q8,6
2022,Audi,RS Q8,6
2021,Lexus,RX,7
2022,Lexus,RX,7
2023,Lexus,RX,7
2023,Lexus,RZ,9
2021,Mercedes-Benz,S-Class,8
2022,Mercedes-Benz,S-Class,8
2020,Audi,S3,7
2022,Audi,S3,8
2021,Audi,S4,7
2022,Audi,S4,3
2021,Audi,S5,4
2022,Audi,S5,4
2021,Audi,S6,3
2022,Audi,S6,4
2021,Volvo,S60,1
2022,Volvo,S60,4
2021,Audi,S7,4
2022,Audi,S7,5
2021,Audi,S8,6
2022,Audi,S8,2
2021,Volvo,S90,6
2022,Volvo,S90,4
2022,Hyundai,Santa Cruz,4
2023,Hyundai,Santa Cruz,5
2021,Hyundai,Santa Fe,6
2022,Hyundai,Santa Fe,6
2023,Hyundai,Santa Fe,5
2021,Hyundai,Santa Fe ,5
2022,Hyundai,Santa Fe,3
2022,Hyundai,Santa Fe,3
2023,Hyundai,Santa Fe ,2
2021,GMC,Savana 2500 ,2
2022,GMC,Savana 2500 ,5
2021,GMC,Savana 2500 ,6
2022,GMC,Savana 2500 ,7
2021,GMC,Savana 3500 ,7
2022,GMC,Savana 3500 ,8
2021,GMC,Savana 3500,8
2022,GMC,Savana 3500 ,8
2021,Kia,Sedona,8
2021,Kia,Seltos,9
2022,Kia,Seltos,0
2023,Kia,Seltos,2
2021,Nissan,Sentra,2
2022,Nissan,Sentra,3
2023,Nissan,Sentra,4
2021,Toyota,Sequoia,3
2022,Toyota,Sequoia,4
2023,Toyota,Sequoia,5
2021,Ferrari,SF90,6
2021,Toyota,Sienna,7
2022,Toyota,Sienna,7
2023,Toyota,Sienna,6
2021,GMC,Sierra 1500,5
2021,GMC,Sierra 1500,5
2022,GMC,Sierra 1500 ,4
2023,GMC,Sierra 1500 ,3
2022,GMC,Sierra 1500 ,2
2022,GMC,Sierra 1500 ,1
2022,GMC,Sierra 1500 ,3
2021,GMC,Sierra 1500 ,4
2022,GMC,Sierra 1500 ,5
2021,GMC,Sierra 2500 HD ,5
2022,GMC,Sierra 2500 HD ,6
2021,GMC,Sierra 2500 HD,7
2022,GMC,Sierra 2500 HD,7
2021,GMC,Sierra 2500 HD ,8
2022,GMC,Sierra 2500 HD ,8
2021,GMC,Sierra 3500 HD ,9
2022,GMC,Sierra 3500 HD ,9
2021,GMC,Sierra 3500 HD ,9
2021,GMC,Sierra 3500 HD ,9
2022,GMC,Sierra 3500 HD ,4
2021,Chevrolet,Silverado 1500 ,4
2022,Chevrolet,Silverado 1500 ,3
2023,Chevrolet,Silverado 1500 ,1
2021,Chevrolet,Silverado 1500 ,1
2022,Chevrolet,Silverado 1500,4
2022,Chevrolet,Silverado 1500 ,3
2022,Chevrolet,Silverado 1500,1
2021,Chevrolet,Silverado 1500 ,3
2022,Chevrolet,Silverado 1500 ,3
2021,Chevrolet,Silverado 2500 HD ,5
2022,Chevrolet,Silverado 2500 HD,6
2021,Chevrolet,Silverado 2500 HD ,6
2022,Chevrolet,Silverado 2500 HD ,6
2021,Chevrolet,Silverado 2500 HD ,5
2022,Chevrolet,Silverado 2500 HD ,3
2021,Chevrolet,Silverado 3500 HD ,3
2022,Chevrolet,Silverado 3500 HD ,4
2021,Chevrolet,Silverado 3500 HD,5
2022,Chevrolet,Silverado 3500 HD,4
2021,Chevrolet,Silverado 3500 HD ,3
2024,Chevrolet,Silverado,3
2020,Mercedes-Benz,SL,4
2020,Mercedes-Benz,SLC,3
2023,Subaru,Solterra,4
2021,Hyundai,Sonata,33
2022,Hyundai,Sonata,3
2023,Hyundai,Sonata,4
2021,Hyundai,Sonata ,4
2022,Hyundai,Sonata ,5
2020,Chevrolet,Sonic,6
2021,Kia,Sorento,4
2022,Kia,Sorento,3
2023,Kia,Sorento,2
2021,Kia,Sorento,1
2022,Kia,Sorento,1
2022,Kia,Sorento ,3
2021,Kia,Soul,4
2022,Kia,Soul,6
2023,Kia,Soul,6
2021,Chevrolet,Spark,7
2022,Chevrolet,Spark,4
2023,Chevrolet,Spark,3
2021,Kia,Sportage,4
2022,Kia,Sportage,4
2023,Kia,Sportage,2
2023,Kia,Sportage ,2
2023,Kia,Sportage ,2
2021,Mercedes-Benz,Sprinter 1500 ,4
2022,Mercedes-Benz,Sprinter 1500,5
2021,Freightliner,Sprinter 1500 ,6
2021,Mercedes-Benz,Sprinter 1500 ,6
2022,Mercedes-Benz,Sprinter 1500 ,7
2021,Freightliner,Sprinter 1500 ,7
2021,Freightliner,Sprinter 2500,8
2021,Mercedes-Benz,Sprinter 2500 ,8
2021,Mercedes-Benz,Sprinter 2500 ,8
2021,Freightliner,Sprinter 2500 ,9
2021,Mercedes-Benz,Sprinter 2500,9
2021,Freightliner,Sprinter 2500 ,0
2021,Freightliner,Sprinter 3500 ,3
2021,Mercedes-Benz,Sprinter 3500 ,6
2021,Mercedes-Benz,Sprinter 3500 ,5
2021,Freightliner,Sprinter 3500,2
2021,Mercedes-Benz,Sprinter 3500 XD,4
2021,Freightliner,Sprinter 3500 XD ,5
2021,Mercedes-Benz,Sprinter 3500 XD ,6
2021,Freightliner,Sprinter 3500 XD ,7
2021,Mercedes-Benz,Sprinter 4500,7
2021,Freightliner,Sprinter 4500,8
2021,Freightliner,Sprinter 4500,8
2021,Mercedes-Benz,Sprinter 4500,8
2022,Mercedes-Benz,Sprinter 4500,9
2021,Audi,SQ5,9
2022,Audi,SQ5,9
2021,Audi,SQS ,9
2022,Audi,SQS ,0
2021,Audi,SQ7,0
2022,Audi,SQ7,0
2021,Audi,SQ8,0
2022,Audi,SQ8,0
2021,Alfa Romeo,Stelvio,0
2022,Alfa Romeo,Stelvio,0
2021,Kia,Stinger,2
2022,Kia,Stinger,2
2021,Chevrolet,Suburbian,3
2022,Chevrolet,Suburbian,4
2023,Chevrolet,Suburbian,5
2021,Toyota,Tacoma,6
2022,Toyota,Tacoma,3
2023,Toyota,Tacoma ,4
2021,Toyota,Tacoma ,2
2022,Toyota,Tacoma ,4
2021,Chevrolet,Tahoe,5
2022,Chevrolet,Tahoe,2
2023,Chevrolet,Tahoe,3
2022,Volkswagen,Taos,4
2023,Volkswagen,Taos,5
2021,Porsche,Taycan,6
2022,Porsche,Taycan ,6
2022,Porsche,Taycan ,33
2021,Kia,Telluride,4
2022,Kia,Telluride,4
2023,Kia,Telluride,5
2021,GMC,Terrain,3
2022,GMC,Terrain,6
2023,GMC,Terrain,56
2021,Volkswagen,Tiguan,6
2022,Volkswagen,Tiguan,6
2023,Volkswagen,Tiguan,3
2021,Nissan,Titan,4
2022,Nissan,Titan,3
2021,Nissan,Titan ,2
2022,Nissan,Titan ,3
2023,Nissan,Titan ,45
2021,Nissan,TITAN XD,5
2022,Nissan,TITAN XD ,6
2021,Acura,TLX,6
2022,Acura,TLX,63
2023,Acura,TLX,2
2023,Alfa Romeo,Tonale,2
2021,Chevrolet,Trailblazer,3
2022,Chevrolet,Trailblazer,4
2023,Chevrolet,Trailblazer,6
2021,Ford,Transit 150 ,7
2021,Ford,Transit 150,8
2022,Ford,Transit 150 ,8
2021,Ford,Transit 150,8
2022,Ford,Transit 150 ,9
2021,Ford,Transit 250,5
2022,Ford,Transit 250 ,4
2021,Ford,Transit 250 ,2
2021,Ford,Transit 350 ,1
2022,Ford,Transit 350 ,1
2021,Ford,Transit 350,4
2021,Ford,Transit 350 HD,5
2022,Ford,Transit 350 HD ,5
2021,Ford,Transit 350 HD,6
2022,Ford,Transit 350 HD ,6
2021,Ford,Transit 350 ,7
2021,Ford,Transit Connect,8
2022,Ford,Transit Connect ,8
2021,Ford,Transit Connect ,8
2022,Ford,Transit Connect ,9
2021,Chevrolet,Traverse,9
2022,Chevrolet,Traverse,8
2023,Chevrolet,Traverse,6
2021,Chevrolet,Trax,6
2022,Chevrolet,Trax,5
2023,Chevrolet,Trax,5
2021,Audi,TT,8
2022,Audi,TT,8
2021,Hyundai,Tucson,9
2022,Hyundai,Tucson,9
2023,Hyundai,Tucson,0
2022,Hyundai,Tucson ,0
2023,Hyundai,Tucson ,0
2022,Hyundai,Tucson ,0
2023,Hyundai,Tucson ,0
2021,Toyota,Tundra,8
2022,Toyota,Tundra ,6
2023,Toyota,Tundra ,5
2021,Toyota,Tundra ,4
2022,Toyota,Tundra ,2
2022,Toyota,Tundra,2
2021,Lamborghini,Urus,5
2022,Lamborghini,Urus,7
2021,Lexus,UX,7
2022,Lexus,UX,9
2023,Lexus,UX,0
2021,Volvo,V60,3
2022,Volvo,V60,2
2021,Volvo,V90,4
2022,Volvo,V90,2
2021,Aston Martin,Vantage,1
2021,Hyundai,Veloster,4
2022,Hyundai,Veloster,5
2021,Hyundai,Venue,5
2022,Hyundai,Venue,7
2023,Hyundai,Venue,8
2021,Toyota,Venza,3
2022,Toyota,Venza,9
2023,Toyota,Venza,8
2021,Nissan,Versa,0
2022,Nissan,Versa,2
2023,Nissan,Versa,4
2023,VinFast,VF 8,5
2021,VinFast,VF 9,7
2023,VinFast,VF 9,8
2021,Chrysler,Voyager,0
2023,Chrysler,Voyager,0
2022,Jeep,Wagoneer,0
2023,Jeep,Wagoneer,45
2021,Rolls-Royce,Wraith,3
2021,Jeep,Wrangler,5
2022,Jeep,Wrangler,4
2023,Jeep,Wrangler,2
2021,Jeep,Wrangler ,1
2022,Jeep,Wrangler ,4
2021,Jeep,Wrangler ,5
2022,Jeep,Wrangler ,6
2021,Subaru,WRX,7
2022,Subaru,WRX,8
2023,Subaru,WRX,8
2021,BMW,X1,5
2022,BMW,X1,3
2021,BMW,X2,3
2022,BMW,X2,5
2021,BMW,X3,6
2022,BMW,X3,6
2023,BMW,X3,7
2021,BMW,X3 ,8
2022,BMW,X3 ,8
2021,BMW,X4,9
2022,BMW,X4,9
2023,BMW,X4,4
2021,BMW,X4 ,4
2022,BMW,X4 ,5
2021,BMW,X5,7
2022,BMW,X5,8
2023,BMW,X5,9
2021,BMW,X5 ,0
2022,BMW,X5 ,2
2021,BMW,X6 ,2
2022,BMW,X6 ,3
2021,BMW,X6,3
2022,BMW,X6 ,5
2021,BMW,X7,5
2022,BMW,X7,7
2023,BMW,X7,7
2021,Volvo,XC40,7
2022,Volvo,XC40,5
2023,Volvo,XC40,3
2021,Volvo,XC40 ,2
2022,Volvo,XC40,4
2021,Volvo,XC60,4
2022,Volvo,XC60,2
2023,Volvo,XC60,1
2021,Volvo,XC90,1
2022,Volvo,XC90,3
2023,Volvo,XC90,5
2020,Jaguar,XE,5
2021,Jaguar,XF,6
2022,Jaguar,XF,6
2021,Cadillac,XT4,7
2022,Cadillac,XT4,7
2021,Cadillac,XT5,78
2022,Cadillac,XT5,8
2023,Cadillac,XT5,3
2021,Cadillac,XT6,3
2022,Cadillac,XT6,3
2023,Cadillac,XT6,2
2021,GMC,Yukon,1
2022,GMC,Yukon,2
2023,GMC,Yukon,3
2021,GMC,Yukon ,4
2022,GMC,Yukon ,5
2023,Nissan,Z,6
2021,BMW,Z4,7
2022,BMW,Z4,7
2021,Polestar,1,8
2020,FIAT,124 Spider,8
2021,Ram,1500,6
2022,Ram,1500 Classic,5
2021,Ram,1500 Classic,4
2022,Ram,1500 Classic ,2
2021,Ram,1500 Classic ,2
2022,Ram,1500 Classic ,2
2021,Ram,1500,2
2022,Ram,1500,1
2021,Ram,1500,4
2022,Ram,1500,4
2023,Ram,1500,5
2021,Polestar,2,6
2022,Polestar,2,7
2021,BMW,2 series,7
2022,BMW,2 series,3
2023,BMW,2 series,3
2021,Ram,2500,5
2022,Ram,2500,6
2021,Ram,2500,7
2022,Ram,2500,87
2021,Ram,2500,8
2022,Ram,2500,8
2021,BMW,3 Series,6
2022,BMW,3 Series,4
2023,BMW,3 Series,4
2021,Chrysler,300,3
2022,Chrysler,300,5
2021,Ram,3500,6
2022,Ram,3500,2
2021,Ram,3500,6
2022,Ram,3500,7
2021,Ram,3500,7
2022,Ram,3500,7
2020,Nissan,370Z,4
2021,BMW,4 Series,4
2022,BMW,4 Series,5
2023,BMW,4 Series,6
2022,Nissan,400Z,7
2021,Ferrari,488 Pista,7
2020,Alfa Romeo,4C Spider,8
2021,Toyota,4Runner,5
2022,Toyota,4Runner,2
2023,Toyota,4Runner,21
2024,Polestar,5,3
2021,BMW,5 Series,4
2022,BMW,5 Series,5
2023,BMW,5 Series,6
2020,FIAT,500L,7
2021,FIAT,500X,8
2022,FIAT,500X,8
2020,McLaren,570S,66
2020,McLaren,600LT,7
2021,BMW,7 Series,0
2022,BMW,7 Series,9
2021,Porsche,718,0
2022,Porsche,718,7
2021,Porsche,718,8
2022,Porsche,718,0
2021,Porsche,718,5
2022,Porsche,718,5
2020,McLaren,720S,4
2021,BMW,8 Series,4
2022,BMW,8 Series,45
2021,Ferrari,812,2
2021,Ferrari,812,2
2022,Toyota,86,4
2023,Toyota,86,5
2021,Porsche,911,6
2022,Porsche,911,6
